slack,cap_sigma,stake,rule,weights,seed,supply_demand,role,agent,coord,factor,true_util,service,gain,rel_gain
0.5,0.8,uniform,min,uniform,0,0.369485200595192,app,0,gas,0.25,0.0,0.0,4.2496141888816625,
0.5,0.8,uniform,min,uniform,0,0.369485200595192,app,0,gas,0.5,0.0,0.0,0.0,
0.5,0.8,uniform,min,uniform,0,0.369485200595192,app,0,gas,0.8,0.0,0.0,0.0,
0.5,0.8,uniform,min,uniform,0,0.369485200595192,app,0,gas,1.25,0.0,0.0,0.0,
0.5,0.8,uniform,min,uniform,0,0.369485200595192,app,0,gas,2.0,0.0,0.0,0.0,
0.5,0.8,uniform,min,uniform,0,0.369485200595192,app,0,gas,4.0,0.0,0.0,0.0,
0.5,0.8,uniform,min,uniform,0,0.369485200595192,app,0,gasprice,0.25,0.0,0.0,0.0,
0.5,0.8,uniform,min,uniform,0,0.369485200595192,app,0,gasprice,0.5,0.0,0.0,0.0,
0.5,0.8,uniform,min,uniform,0,0.369485200595192,app,0,gasprice,0.8,0.0,0.0,0.0,
0.5,0.8,uniform,min,uniform,0,0.369485200595192,app,0,gasprice,1.25,0.0,0.0,0.0,
0.5,0.8,uniform,min,uniform,0,0.369485200595192,app,0,gasprice,2.0,0.0,0.0,0.0,
0.5,0.8,uniform,min,uniform,0,0.369485200595192,app,0,gasprice,4.0,0.0,0.0,10.075674582166593,
0.5,0.8,uniform,min,uniform,0,0.369485200595192,app,0,stake,0.25,0.0,0.0,0.0,
0.5,0.8,uniform,min,uniform,0,0.369485200595192,app,0,stake,0.5,0.0,0.0,0.0,
0.5,0.8,uniform,min,uniform,0,0.369485200595192,app,0,stake,0.8,0.0,0.0,0.0,
0.5,0.8,uniform,min,uniform,0,0.369485200595192,app,0,stake,1.25,0.0,0.0,0.0,
0.5,0.8,uniform,min,uniform,0,0.369485200595192,app,0,stake,2.0,0.0,0.0,0.0,
0.5,0.8,uniform,min,uniform,0,0.369485200595192,app,0,stake,4.0,0.0,0.0,0.0,
0.5,0.8,uniform,min,uniform,0,0.369485200595192,app,1,gas,0.25,4.2496141888816625,0.2414562608031002,0.0,0.0
0.5,0.8,uniform,min,uniform,0,0.369485200595192,app,1,gas,0.5,4.2496141888816625,0.2414562608031002,0.0,0.0
0.5,0.8,uniform,min,uniform,0,0.369485200595192,app,1,gas,0.8,4.2496141888816625,0.2414562608031002,0.0,0.0
0.5,0.8,uniform,min,uniform,0,0.369485200595192,app,1,gas,1.25,4.2496141888816625,0.2414562608031002,0.0,0.0
0.5,0.8,uniform,min,uniform,0,0.369485200595192,app,1,gas,2.0,4.2496141888816625,0.2414562608031002,0.0,0.0
0.5,0.8,uniform,min,uniform,0,0.369485200595192,app,1,gas,4.0,4.2496141888816625,0.2414562608031002,0.0,0.0
0.5,0.8,uniform,min,uniform,0,0.369485200595192,app,1,gasprice,0.25,4.2496141888816625,0.2414562608031002,-4.2496141888816625,-1.0
0.5,0.8,uniform,min,uniform,0,0.369485200595192,app,1,gasprice,0.5,4.2496141888816625,0.2414562608031002,0.0,0.0
0.5,0.8,uniform,min,uniform,0,0.369485200595192,app,1,gasprice,0.8,4.2496141888816625,0.2414562608031002,0.0,0.0
0.5,0.8,uniform,min,uniform,0,0.369485200595192,app,1,gasprice,1.25,4.2496141888816625,0.2414562608031002,0.0,0.0
0.5,0.8,uniform,min,uniform,0,0.369485200595192,app,1,gasprice,2.0,4.2496141888816625,0.2414562608031002,5.826060393284931,1.370962194292308
0.5,0.8,uniform,min,uniform,0,0.369485200595192,app,1,gasprice,4.0,4.2496141888816625,0.2414562608031002,5.826060393284931,1.370962194292308
0.5,0.8,uniform,min,uniform,0,0.369485200595192,app,1,stake,0.25,4.2496141888816625,0.2414562608031002,0.0,0.0
0.5,0.8,uniform,min,uniform,0,0.369485200595192,app,1,stake,0.5,4.2496141888816625,0.2414562608031002,0.0,0.0
0.5,0.8,uniform,min,uniform,0,0.369485200595192,app,1,stake,0.8,4.2496141888816625,0.2414562608031002,0.0,0.0
0.5,0.8,uniform,min,uniform,0,0.369485200595192,app,1,stake,1.25,4.2496141888816625,0.2414562608031002,0.0,0.0
0.5,0.8,uniform,min,uniform,0,0.369485200595192,app,1,stake,2.0,4.2496141888816625,0.2414562608031002,-4.2496141888816625,-1.0
0.5,0.8,uniform,min,uniform,0,0.369485200595192,app,1,stake,4.0,4.2496141888816625,0.2414562608031002,-4.2496141888816625,-1.0
0.5,0.8,uniform,min,uniform,0,0.369485200595192,app,2,gas,0.25,22.915636366015107,0.6013349598690858,-13.388651451066883,-0.5842583307406134
0.5,0.8,uniform,min,uniform,0,0.369485200595192,app,2,gas,0.5,22.915636366015107,0.6013349598690858,-3.8616665361186584,-0.16851666148122682
0.5,0.8,uniform,min,uniform,0,0.369485200595192,app,2,gas,0.8,22.915636366015107,0.6013349598690858,0.0,0.0
0.5,0.8,uniform,min,uniform,0,0.369485200595192,app,2,gas,1.25,22.915636366015107,0.6013349598690858,0.0,0.0
0.5,0.8,uniform,min,uniform,0,0.369485200595192,app,2,gas,2.0,22.915636366015107,0.6013349598690858,0.0,0.0
0.5,0.8,uniform,min,uniform,0,0.369485200595192,app,2,gas,4.0,22.915636366015107,0.6013349598690858,0.0,0.0
0.5,0.8,uniform,min,uniform,0,0.369485200595192,app,2,gasprice,0.25,22.915636366015107,0.6013349598690858,-18.666022177133446,-0.8145539525498832
0.5,0.8,uniform,min,uniform,0,0.369485200595192,app,2,gasprice,0.5,22.915636366015107,0.6013349598690858,-12.839961783848514,-0.5603144324148353
0.5,0.8,uniform,min,uniform,0,0.369485200595192,app,2,gasprice,0.8,22.915636366015107,0.6013349598690858,0.0,0.0
0.5,0.8,uniform,min,uniform,0,0.369485200595192,app,2,gasprice,1.25,22.915636366015107,0.6013349598690858,0.0,0.0
0.5,0.8,uniform,min,uniform,0,0.369485200595192,app,2,gasprice,2.0,22.915636366015107,0.6013349598690858,0.0,0.0
0.5,0.8,uniform,min,uniform,0,0.369485200595192,app,2,gasprice,4.0,22.915636366015107,0.6013349598690858,0.0,0.0
0.5,0.8,uniform,min,uniform,0,0.369485200595192,app,2,stake,0.25,22.915636366015107,0.6013349598690858,0.0,0.0
0.5,0.8,uniform,min,uniform,0,0.369485200595192,app,2,stake,0.5,22.915636366015107,0.6013349598690858,0.0,0.0
0.5,0.8,uniform,min,uniform,0,0.369485200595192,app,2,stake,0.8,22.915636366015107,0.6013349598690858,0.0,0.0
0.5,0.8,uniform,min,uniform,0,0.369485200595192,app,2,stake,1.25,22.915636366015107,0.6013349598690858,0.0,0.0
0.5,0.8,uniform,min,uniform,0,0.369485200595192,app,2,stake,2.0,22.915636366015107,0.6013349598690858,-22.915636366015107,-1.0
0.5,0.8,uniform,min,uniform,0,0.369485200595192,app,2,stake,4.0,22.915636366015107,0.6013349598690858,-22.915636366015107,-1.0
0.5,0.8,uniform,min,uniform,0,0.369485200595192,app,3,gas,0.25,10.075674582166593,0.4516823753739856,-5.826060393284931,-0.578230305650874
0.5,0.8,uniform,min,uniform,0,0.369485200595192,app,3,gas,0.5,10.075674582166593,0.4516823753739856,0.0,0.0
0.5,0.8,uniform,min,uniform,0,0.369485200595192,app,3,gas,0.8,10.075674582166593,0.4516823753739856,0.0,0.0
0.5,0.8,uniform,min,uniform,0,0.369485200595192,app,3,gas,1.25,10.075674582166593,0.4516823753739856,0.0,0.0
0.5,0.8,uniform,min,uniform,0,0.369485200595192,app,3,gas,2.0,10.075674582166593,0.4516823753739856,0.0,0.0
0.5,0.8,uniform,min,uniform,0,0.369485200595192,app,3,gas,4.0,10.075674582166593,0.4516823753739856,0.0,0.0
0.5,0.8,uniform,min,uniform,0,0.369485200595192,app,3,gasprice,0.25,10.075674582166593,0.4516823753739856,-10.075674582166593,-1.0
0.5,0.8,uniform,min,uniform,0,0.369485200595192,app,3,gasprice,0.5,10.075674582166593,0.4516823753739856,-5.826060393284931,-0.578230305650874
0.5,0.8,uniform,min,uniform,0,0.369485200595192,app,3,gasprice,0.8,10.075674582166593,0.4516823753739856,0.0,0.0
0.5,0.8,uniform,min,uniform,0,0.369485200595192,app,3,gasprice,1.25,10.075674582166593,0.4516823753739856,0.0,0.0
0.5,0.8,uniform,min,uniform,0,0.369485200595192,app,3,gasprice,2.0,10.075674582166593,0.4516823753739856,12.231316196085713,1.2139451404806672
0.5,0.8,uniform,min,uniform,0,0.369485200595192,app,3,gasprice,4.0,10.075674582166593,0.4516823753739856,12.231316196085713,1.2139451404806672
0.5,0.8,uniform,min,uniform,0,0.369485200595192,app,3,stake,0.25,10.075674582166593,0.4516823753739856,0.0,0.0
0.5,0.8,uniform,min,uniform,0,0.369485200595192,app,3,stake,0.5,10.075674582166593,0.4516823753739856,0.0,0.0
0.5,0.8,uniform,min,uniform,0,0.369485200595192,app,3,stake,0.8,10.075674582166593,0.4516823753739856,0.0,0.0
0.5,0.8,uniform,min,uniform,0,0.369485200595192,app,3,stake,1.25,10.075674582166593,0.4516823753739856,0.0,0.0
0.5,0.8,uniform,min,uniform,0,0.369485200595192,app,3,stake,2.0,10.075674582166593,0.4516823753739856,0.0,0.0
0.5,0.8,uniform,min,uniform,0,0.369485200595192,app,3,stake,4.0,10.075674582166593,0.4516823753739856,-10.075674582166593,-1.0
0.5,0.8,uniform,min,uniform,0,0.369485200595192,op,0,gas,0.25,2.7273368051300486,,-2.0455026038475363,-0.75
0.5,0.8,uniform,min,uniform,0,0.369485200595192,op,0,gas,0.5,2.7273368051300486,,-1.3636684025650243,-0.5
0.5,0.8,uniform,min,uniform,0,0.369485200595192,op,0,gas,0.8,2.7273368051300486,,-0.5454673610260095,-0.1999999999999999
0.5,0.8,uniform,min,uniform,0,0.369485200595192,op,0,gas,1.25,2.7273368051300486,,0.6818342012825123,0.25000000000000006
0.5,0.8,uniform,min,uniform,0,0.369485200595192,op,0,gas,2.0,2.7273368051300486,,2.7273368051300486,1.0
0.5,0.8,uniform,min,uniform,0,0.369485200595192,op,0,gas,4.0,2.7273368051300486,,15.983636988617805,5.860529201436729
0.5,0.8,uniform,min,uniform,0,0.369485200595192,op,0,gasprice,0.25,2.7273368051300486,,0.0,0.0
0.5,0.8,uniform,min,uniform,0,0.369485200595192,op,0,gasprice,0.5,2.7273368051300486,,0.0,0.0
0.5,0.8,uniform,min,uniform,0,0.369485200595192,op,0,gasprice,0.8,2.7273368051300486,,0.0,0.0
0.5,0.8,uniform,min,uniform,0,0.369485200595192,op,0,gasprice,1.25,2.7273368051300486,,0.0,0.0
0.5,0.8,uniform,min,uniform,0,0.369485200595192,op,0,gasprice,2.0,2.7273368051300486,,0.0,0.0
0.5,0.8,uniform,min,uniform,0,0.369485200595192,op,0,gasprice,4.0,2.7273368051300486,,1.950406643306915,0.7151323003591824
0.5,0.8,uniform,min,uniform,0,0.369485200595192,op,0,stake,0.25,2.7273368051300486,,-2.7273368051300486,-1.0
0.5,0.8,uniform,min,uniform,0,0.369485200595192,op,0,stake,0.5,2.7273368051300486,,1.950406643306915,0.7151323003591824
0.5,0.8,uniform,min,uniform,0,0.369485200595192,op,0,stake,0.8,2.7273368051300486,,4.440892098500626e-16,1.6282888457881055e-16
0.5,0.8,uniform,min,uniform,0,0.369485200595192,op,0,stake,1.25,2.7273368051300486,,4.440892098500626e-16,1.6282888457881055e-16
0.5,0.8,uniform,min,uniform,0,0.369485200595192,op,0,stake,2.0,2.7273368051300486,,0.0,0.0
0.5,0.8,uniform,min,uniform,0,0.369485200595192,op,0,stake,4.0,2.7273368051300486,,0.0,0.0
0.5,0.8,uniform,min,uniform,0,0.369485200595192,op,1,gas,0.25,39.40919392682453,,-33.10312336450694,-0.8399847869503047
0.5,0.8,uniform,min,uniform,0,0.369485200595192,op,1,gas,0.5,39.40919392682453,,-19.704596963412264,-0.5
0.5,0.8,uniform,min,uniform,0,0.369485200595192,op,1,gas,0.8,39.40919392682453,,-7.881838785364906,-0.2
0.5,0.8,uniform,min,uniform,0,0.369485200595192,op,1,gas,1.25,39.40919392682453,,9.852298481706129,0.24999999999999992
0.5,0.8,uniform,min,uniform,0,0.369485200595192,op,1,gas,2.0,39.40919392682453,,26.12698234239511,0.6629666770375463
0.5,0.8,uniform,min,uniform,0,0.369485200595192,op,1,gas,4.0,39.40919392682453,,27.09226529947614,0.6874605288750992
0.5,0.8,uniform,min,uniform,0,0.369485200595192,op,1,gasprice,0.25,39.40919392682453,,0.0,0.0
0.5,0.8,uniform,min,uniform,0,0.369485200595192,op,1,gasprice,0.5,39.40919392682453,,0.0,0.0
0.5,0.8,uniform,min,uniform,0,0.369485200595192,op,1,gasprice,0.8,39.40919392682453,,0.0,0.0
0.5,0.8,uniform,min,uniform,0,0.369485200595192,op,1,gasprice,1.25,39.40919392682453,,0.0,0.0
0.5,0.8,uniform,min,uniform,0,0.369485200595192,op,1,gasprice,2.0,39.40919392682453,,0.0,0.0
0.5,0.8,uniform,min,uniform,0,0.369485200595192,op,1,gasprice,4.0,39.40919392682453,,0.0,0.0
0.5,0.8,uniform,min,uniform,0,0.369485200595192,op,1,stake,0.25,39.40919392682453,,-35.94366316283212,-0.9120628863805931
0.5,0.8,uniform,min,uniform,0,0.369485200595192,op,1,stake,0.5,39.40919392682453,,-14.854875533250137,-0.37693933960772835
0.5,0.8,uniform,min,uniform,0,0.369485200595192,op,1,stake,0.8,39.40919392682453,,7.105427357601002e-15,1.8029872346017647e-16
0.5,0.8,uniform,min,uniform,0,0.369485200595192,op,1,stake,1.25,39.40919392682453,,0.0,0.0
0.5,0.8,uniform,min,uniform,0,0.369485200595192,op,1,stake,2.0,39.40919392682453,,0.0,0.0
0.5,0.8,uniform,min,uniform,0,0.369485200595192,op,1,stake,4.0,39.40919392682453,,0.0,0.0
0.5,0.8,uniform,min,uniform,0,0.369485200595192,op,2,gas,0.25,11.09075287383826,,-9.474149759385277,-0.8542386497253623
0.5,0.8,uniform,min,uniform,0,0.369485200595192,op,2,gas,0.5,11.09075287383826,,-5.54537643691913,-0.5
0.5,0.8,uniform,min,uniform,0,0.369485200595192,op,2,gas,0.8,11.09075287383826,,-2.2181505747676518,-0.19999999999999996
0.5,0.8,uniform,min,uniform,0,0.369485200595192,op,2,gas,1.25,11.09075287383826,,2.7726882184595656,0.25000000000000006
0.5,0.8,uniform,min,uniform,0,0.369485200595192,op,2,gas,2.0,11.09075287383826,,11.09075287383826,1.0
0.5,0.8,uniform,min,uniform,0,0.369485200595192,op,2,gas,4.0,11.09075287383826,,54.44542349075062,4.909082738574111
0.5,0.8,uniform,min,uniform,0,0.369485200595192,op,2,gasprice,0.25,11.09075287383826,,0.0,0.0
0.5,0.8,uniform,min,uniform,0,0.369485200595192,op,2,gasprice,0.5,11.09075287383826,,0.0,0.0
0.5,0.8,uniform,min,uniform,0,0.369485200595192,op,2,gasprice,0.8,11.09075287383826,,0.0,0.0
0.5,0.8,uniform,min,uniform,0,0.369485200595192,op,2,gasprice,1.25,11.09075287383826,,0.0,0.0
0.5,0.8,uniform,min,uniform,0,0.369485200595192,op,2,gasprice,2.0,11.09075287383826,,0.0,0.0
0.5,0.8,uniform,min,uniform,0,0.369485200595192,op,2,gasprice,4.0,11.09075287383826,,0.0,0.0
0.5,0.8,uniform,min,uniform,0,0.369485200595192,op,2,stake,0.25,11.09075287383826,,-10.155204184100327,-0.9156460611484024
0.5,0.8,uniform,min,uniform,0,0.369485200595192,op,2,stake,0.5,11.09075287383826,,0.0,0.0
0.5,0.8,uniform,min,uniform,0,0.369485200595192,op,2,stake,0.8,11.09075287383826,,1.7763568394002505e-15,1.6016557754076917e-16
0.5,0.8,uniform,min,uniform,0,0.369485200595192,op,2,stake,1.25,11.09075287383826,,0.0,0.0
0.5,0.8,uniform,min,uniform,0,0.369485200595192,op,2,stake,2.0,11.09075287383826,,0.0,0.0
0.5,0.8,uniform,min,uniform,0,0.369485200595192,op,2,stake,4.0,11.09075287383826,,0.0,0.0
0.5,0.8,uniform,min,uniform,1,0.5366653803984968,app,0,gas,0.25,23.96333277541762,0.8444587992984731,-16.869045642840828,-0.7039524009842927
0.5,0.8,uniform,min,uniform,1,0.5366653803984968,app,0,gas,0.5,23.96333277541762,0.8444587992984731,-9.774758510264038,-0.4079048019685855
0.5,0.8,uniform,min,uniform,1,0.5366653803984968,app,0,gas,0.8,23.96333277541762,0.8444587992984731,-1.2616139511718885,-0.052647683149736745
0.5,0.8,uniform,min,uniform,1,0.5366653803984968,app,0,gas,1.25,23.96333277541762,0.8444587992984731,0.0,0.0
0.5,0.8,uniform,min,uniform,1,0.5366653803984968,app,0,gas,2.0,23.96333277541762,0.8444587992984731,0.0,0.0
0.5,0.8,uniform,min,uniform,1,0.5366653803984968,app,0,gas,4.0,23.96333277541762,0.8444587992984731,0.0,0.0
0.5,0.8,uniform,min,uniform,1,0.5366653803984968,app,0,gasprice,0.25,23.96333277541762,0.8444587992984731,-23.96333277541762,-1.0
0.5,0.8,uniform,min,uniform,1,0.5366653803984968,app,0,gasprice,0.5,23.96333277541762,0.8444587992984731,-8.818043421983587,-0.3679806771714754
0.5,0.8,uniform,min,uniform,1,0.5366653803984968,app,0,gasprice,0.8,23.96333277541762,0.8444587992984731,0.0,0.0
0.5,0.8,uniform,min,uniform,1,0.5366653803984968,app,0,gasprice,1.25,23.96333277541762,0.8444587992984731,0.0,0.0
0.5,0.8,uniform,min,uniform,1,0.5366653803984968,app,0,gasprice,2.0,23.96333277541762,0.8444587992984731,0.0,0.0
0.5,0.8,uniform,min,uniform,1,0.5366653803984968,app,0,gasprice,4.0,23.96333277541762,0.8444587992984731,0.0,0.0
0.5,0.8,uniform,min,uniform,1,0.5366653803984968,app,0,stake,0.25,23.96333277541762,0.8444587992984731,0.0,0.0
0.5,0.8,uniform,min,uniform,1,0.5366653803984968,app,0,stake,0.5,23.96333277541762,0.8444587992984731,0.0,0.0
0.5,0.8,uniform,min,uniform,1,0.5366653803984968,app,0,stake,0.8,23.96333277541762,0.8444587992984731,0.0,0.0
0.5,0.8,uniform,min,uniform,1,0.5366653803984968,app,0,stake,1.25,23.96333277541762,0.8444587992984731,0.0,0.0
0.5,0.8,uniform,min,uniform,1,0.5366653803984968,app,0,stake,2.0,23.96333277541762,0.8444587992984731,0.0,0.0
0.5,0.8,uniform,min,uniform,1,0.5366653803984968,app,0,stake,4.0,23.96333277541762,0.8444587992984731,-8.818043421983587,-0.3679806771714754
0.5,0.8,uniform,min,uniform,1,0.5366653803984968,app,1,gas,0.25,15.145289353434032,0.33156593384859157,-3.7257738006465164,-0.2460021537853113
0.5,0.8,uniform,min,uniform,1,0.5366653803984968,app,1,gas,0.5,15.145289353434032,0.33156593384859157,0.0,0.0
0.5,0.8,uniform,min,uniform,1,0.5366653803984968,app,1,gas,0.8,15.145289353434032,0.33156593384859157,0.0,0.0
0.5,0.8,uniform,min,uniform,1,0.5366653803984968,app,1,gas,1.25,15.145289353434032,0.33156593384859157,0.0,0.0
0.5,0.8,uniform,min,uniform,1,0.5366653803984968,app,1,gas,2.0,15.145289353434032,0.33156593384859157,0.0,0.0
0.5,0.8,uniform,min,uniform,1,0.5366653803984968,app,1,gas,4.0,15.145289353434032,0.33156593384859157,0.0,0.0
0.5,0.8,uniform,min,uniform,1,0.5366653803984968,app,1,gasprice,0.25,15.145289353434032,0.33156593384859157,-15.145289353434032,-1.0
0.5,0.8,uniform,min,uniform,1,0.5366653803984968,app,1,gasprice,0.5,15.145289353434032,0.33156593384859157,0.0,0.0
0.5,0.8,uniform,min,uniform,1,0.5366653803984968,app,1,gasprice,0.8,15.145289353434032,0.33156593384859157,0.0,0.0
0.5,0.8,uniform,min,uniform,1,0.5366653803984968,app,1,gasprice,1.25,15.145289353434032,0.33156593384859157,0.0,0.0
0.5,0.8,uniform,min,uniform,1,0.5366653803984968,app,1,gasprice,2.0,15.145289353434032,0.33156593384859157,8.818043421983587,0.5822301057578798
0.5,0.8,uniform,min,uniform,1,0.5366653803984968,app,1,gasprice,4.0,15.145289353434032,0.33156593384859157,8.818043421983587,0.5822301057578798
0.5,0.8,uniform,min,uniform,1,0.5366653803984968,app,1,stake,0.25,15.145289353434032,0.33156593384859157,0.0,0.0
0.5,0.8,uniform,min,uniform,1,0.5366653803984968,app,1,stake,0.5,15.145289353434032,0.33156593384859157,0.0,0.0
0.5,0.8,uniform,min,uniform,1,0.5366653803984968,app,1,stake,0.8,15.145289353434032,0.33156593384859157,0.0,0.0
0.5,0.8,uniform,min,uniform,1,0.5366653803984968,app,1,stake,1.25,15.145289353434032,0.33156593384859157,0.0,0.0
0.5,0.8,uniform,min,uniform,1,0.5366653803984968,app,1,stake,2.0,15.145289353434032,0.33156593384859157,0.0,0.0
0.5,0.8,uniform,min,uniform,1,0.5366653803984968,app,1,stake,4.0,15.145289353434032,0.33156593384859157,-15.145289353434032,-1.0
0.5,0.8,uniform,min,uniform,1,0.5366653803984968,app,2,gas,0.25,15.530744454851112,0.5556506533022902,-8.543105565852123,-0.5500770159915701
0.5,0.8,uniform,min,uniform,1,0.5366653803984968,app,2,gas,0.5,15.530744454851112,0.5556506533022902,-2.180594437775648,-0.14040501690790022
0.5,0.8,uniform,min,uniform,1,0.5366653803984968,app,2,gas,0.8,15.530744454851112,0.5556506533022902,-0.6093113916265374,-0.03923259399430886
0.5,0.8,uniform,min,uniform,1,0.5366653803984968,app,2,gas,1.25,15.530744454851112,0.5556506533022902,-15.530744454851112,-1.0
0.5,0.8,uniform,min,uniform,1,0.5366653803984968,app,2,gas,2.0,15.530744454851112,0.5556506533022902,-15.530744454851112,-1.0
0.5,0.8,uniform,min,uniform,1,0.5366653803984968,app,2,gas,4.0,15.530744454851112,0.5556506533022902,-15.530744454851112,-1.0
0.5,0.8,uniform,min,uniform,1,0.5366653803984968,app,2,gasprice,0.25,15.530744454851112,0.5556506533022902,-15.530744454851112,-1.0
0.5,0.8,uniform,min,uniform,1,0.5366653803984968,app,2,gasprice,0.5,15.530744454851112,0.5556506533022902,-15.530744454851112,-1.0
0.5,0.8,uniform,min,uniform,1,0.5366653803984968,app,2,gasprice,0.8,15.530744454851112,0.5556506533022902,-15.530744454851112,-1.0
0.5,0.8,uniform,min,uniform,1,0.5366653803984968,app,2,gasprice,1.25,15.530744454851112,0.5556506533022902,-2.859265034665734,-0.18410354010896285
0.5,0.8,uniform,min,uniform,1,0.5366653803984968,app,2,gasprice,2.0,15.530744454851112,0.5556506533022902,-0.3854551014170795,-0.024818842556943915
0.5,0.8,uniform,min,uniform,1,0.5366653803984968,app,2,gasprice,4.0,15.530744454851112,0.5556506533022902,8.432588320566508,0.5429609858742183
0.5,0.8,uniform,min,uniform,1,0.5366653803984968,app,2,stake,0.25,15.530744454851112,0.5556506533022902,0.0,0.0
0.5,0.8,uniform,min,uniform,1,0.5366653803984968,app,2,stake,0.5,15.530744454851112,0.5556506533022902,0.0,0.0
0.5,0.8,uniform,min,uniform,1,0.5366653803984968,app,2,stake,0.8,15.530744454851112,0.5556506533022902,0.0,0.0
0.5,0.8,uniform,min,uniform,1,0.5366653803984968,app,2,stake,1.25,15.530744454851112,0.5556506533022902,0.0,0.0
0.5,0.8,uniform,min,uniform,1,0.5366653803984968,app,2,stake,2.0,15.530744454851112,0.5556506533022902,0.0,0.0
0.5,0.8,uniform,min,uniform,1,0.5366653803984968,app,2,stake,4.0,15.530744454851112,0.5556506533022902,-15.530744454851112,-1.0
0.5,0.8,uniform,min,uniform,1,0.5366653803984968,app,3,gas,0.25,3.0320145445649214,0.5556506533022902,-2.1681888693338243,-0.7150984394914729
0.5,0.8,uniform,min,uniform,1,0.5366653803984968,app,3,gas,0.5,3.0320145445649214,0.5556506533022902,-1.3811852201753074,-0.45553383728028934
0.5,0.8,uniform,min,uniform,1,0.5366653803984968,app,3,gas,0.8,3.0320145445649214,0.5556506533022902,-0.5244877394688641,-0.1729832531341387
0.5,0.8,uniform,min,uniform,1,0.5366653803984968,app,3,gas,1.25,3.0320145445649214,0.5556506533022902,2.4246775812255192,0.7996919360337198
0.5,0.8,uniform,min,uniform,1,0.5366653803984968,app,3,gas,2.0,3.0320145445649214,0.5556506533022902,2.4246775812255192,0.7996919360337198
0.5,0.8,uniform,min,uniform,1,0.5366653803984968,app,3,gas,4.0,3.0320145445649214,0.5556506533022902,2.4246775812255192,0.7996919360337198
0.5,0.8,uniform,min,uniform,1,0.5366653803984968,app,3,gasprice,0.25,3.0320145445649214,0.5556506533022902,-3.0320145445649214,-1.0
0.5,0.8,uniform,min,uniform,1,0.5366653803984968,app,3,gasprice,0.5,3.0320145445649214,0.5556506533022902,0.0,0.0
0.5,0.8,uniform,min,uniform,1,0.5366653803984968,app,3,gasprice,0.8,3.0320145445649214,0.5556506533022902,0.0,0.0
0.5,0.8,uniform,min,uniform,1,0.5366653803984968,app,3,gasprice,1.25,3.0320145445649214,0.5556506533022902,0.0,0.0
0.5,0.8,uniform,min,uniform,1,0.5366653803984968,app,3,gasprice,2.0,3.0320145445649214,0.5556506533022902,2.4246775812255192,0.7996919360337198
0.5,0.8,uniform,min,uniform,1,0.5366653803984968,app,3,gasprice,4.0,3.0320145445649214,0.5556506533022902,2.4246775812255192,0.7996919360337198
0.5,0.8,uniform,min,uniform,1,0.5366653803984968,app,3,stake,0.25,3.0320145445649214,0.5556506533022902,0.0,0.0
0.5,0.8,uniform,min,uniform,1,0.5366653803984968,app,3,stake,0.5,3.0320145445649214,0.5556506533022902,0.0,0.0
0.5,0.8,uniform,min,uniform,1,0.5366653803984968,app,3,stake,0.8,3.0320145445649214,0.5556506533022902,0.0,0.0
0.5,0.8,uniform,min,uniform,1,0.5366653803984968,app,3,stake,1.25,3.0320145445649214,0.5556506533022902,0.0,0.0
0.5,0.8,uniform,min,uniform,1,0.5366653803984968,app,3,stake,2.0,3.0320145445649214,0.5556506533022902,0.0,0.0
0.5,0.8,uniform,min,uniform,1,0.5366653803984968,app,3,stake,4.0,3.0320145445649214,0.5556506533022902,-3.0320145445649214,-1.0
0.5,0.8,uniform,min,uniform,1,0.5366653803984968,op,0,gas,0.25,13.847815156524126,,-11.809353728054594,-0.8527954478429652
0.5,0.8,uniform,min,uniform,1,0.5366653803984968,op,0,gas,0.5,13.847815156524126,,-10.910068332179659,-0.7878548499428514
0.5,0.8,uniform,min,uniform,1,0.5366653803984968,op,0,gas,0.8,13.847815156524126,,-10.910068332179659,-0.7878548499428514
0.5,0.8,uniform,min,uniform,1,0.5366653803984968,op,0,gas,1.25,13.847815156524126,,3.461953789131032,0.25000000000000006
0.5,0.8,uniform,min,uniform,1,0.5366653803984968,op,0,gas,2.0,13.847815156524126,,13.847815156524126,1.0
0.5,0.8,uniform,min,uniform,1,0.5366653803984968,op,0,gas,4.0,13.847815156524126,,27.917076054669124,2.0159913848587547
0.5,0.8,uniform,min,uniform,1,0.5366653803984968,op,0,gasprice,0.25,13.847815156524126,,-8.406009633682576,-0.6070278624221995
0.5,0.8,uniform,min,uniform,1,0.5366653803984968,op,0,gasprice,0.5,13.847815156524126,,-8.406009633682576,-0.6070278624221995
0.5,0.8,uniform,min,uniform,1,0.5366653803984968,op,0,gasprice,0.8,13.847815156524126,,-8.406009633682576,-0.6070278624221995
0.5,0.8,uniform,min,uniform,1,0.5366653803984968,op,0,gasprice,1.25,13.847815156524126,,0.0,0.0
0.5,0.8,uniform,min,uniform,1,0.5366653803984968,op,0,gasprice,2.0,13.847815156524126,,0.0,0.0
0.5,0.8,uniform,min,uniform,1,0.5366653803984968,op,0,gasprice,4.0,13.847815156524126,,-13.847815156524126,-1.0
0.5,0.8,uniform,min,uniform,1,0.5366653803984968,op,0,stake,0.25,13.847815156524126,,-11.078252130064175,-0.8000000003498656
0.5,0.8,uniform,min,uniform,1,0.5366653803984968,op,0,stake,0.5,13.847815156524126,,0.0,0.0
0.5,0.8,uniform,min,uniform,1,0.5366653803984968,op,0,stake,0.8,13.847815156524126,,1.7763568394002505e-15,1.282770472685978e-16
0.5,0.8,uniform,min,uniform,1,0.5366653803984968,op,0,stake,1.25,13.847815156524126,,-10.910068332179659,-0.7878548499428514
0.5,0.8,uniform,min,uniform,1,0.5366653803984968,op,0,stake,2.0,13.847815156524126,,-10.910068332179659,-0.7878548499428514
0.5,0.8,uniform,min,uniform,1,0.5366653803984968,op,0,stake,4.0,13.847815156524126,,-10.910068332179659,-0.7878548499428514
0.5,0.8,uniform,min,uniform,1,0.5366653803984968,op,1,gas,0.25,27.421781168387987,,-24.484034344708554,-0.8928681253183478
0.5,0.8,uniform,min,uniform,1,0.5366653803984968,op,1,gas,0.5,27.421781168387987,,-24.484034344708554,-0.8928681253183478
0.5,0.8,uniform,min,uniform,1,0.5366653803984968,op,1,gas,0.8,27.421781168387987,,-5.484356233677595,-0.1999999999999999
0.5,0.8,uniform,min,uniform,1,0.5366653803984968,op,1,gas,1.25,27.421781168387987,,5.050828734153612,0.1841903960628291
0.5,0.8,uniform,min,uniform,1,0.5366653803984968,op,1,gas,2.0,27.421781168387987,,14.343110033350698,0.5230553750419951
0.5,0.8,uniform,min,uniform,1,0.5366653803984968,op,1,gas,4.0,27.421781168387987,,40.28923085400488,1.469241936058135
0.5,0.8,uniform,min,uniform,1,0.5366653803984968,op,1,gasprice,0.25,27.421781168387987,,0.0,0.0
0.5,0.8,uniform,min,uniform,1,0.5366653803984968,op,1,gasprice,0.5,27.421781168387987,,0.0,0.0
0.5,0.8,uniform,min,uniform,1,0.5366653803984968,op,1,gasprice,0.8,27.421781168387987,,0.0,0.0
0.5,0.8,uniform,min,uniform,1,0.5366653803984968,op,1,gasprice,1.25,27.421781168387987,,0.0,0.0
0.5,0.8,uniform,min,uniform,1,0.5366653803984968,op,1,gasprice,2.0,27.421781168387987,,0.0,0.0
0.5,0.8,uniform,min,uniform,1,0.5366653803984968,op,1,gasprice,4.0,27.421781168387987,,-27.421781168387987,-1.0
0.5,0.8,uniform,min,uniform,1,0.5366653803984968,op,1,stake,0.25,27.421781168387987,,-23.173424571784533,-0.8450736452706804
0.5,0.8,uniform,min,uniform,1,0.5366653803984968,op,1,stake,0.5,27.421781168387987,,0.0,0.0
0.5,0.8,uniform,min,uniform,1,0.5366653803984968,op,1,stake,0.8,27.421781168387987,,0.0,0.0
0.5,0.8,uniform,min,uniform,1,0.5366653803984968,op,1,stake,1.25,27.421781168387987,,0.0,0.0
0.5,0.8,uniform,min,uniform,1,0.5366653803984968,op,1,stake,2.0,27.421781168387987,,-18.81159264241773,-0.686009144588458
0.5,0.8,uniform,min,uniform,1,0.5366653803984968,op,1,stake,4.0,27.421781168387987,,-18.81159264241773,-0.686009144588458
0.5,0.8,uniform,min,uniform,1,0.5366653803984968,op,2,gas,0.25,6.669725606689017,,-4.171294097028655,-0.6254071521091207
0.5,0.8,uniform,min,uniform,1,0.5366653803984968,op,2,gas,0.5,6.669725606689017,,-3.7319787887684033,-0.5595400783842787
0.5,0.8,uniform,min,uniform,1,0.5366653803984968,op,2,gas,0.8,6.669725606689017,,-1.3339451213378029,-0.19999999999999993
0.5,0.8,uniform,min,uniform,1,0.5366653803984968,op,2,gas,1.25,6.669725606689017,,14.545918483881362,2.180887092160639
0.5,0.8,uniform,min,uniform,1,0.5366653803984968,op,2,gas,2.0,6.669725606689017,,27.275304938223588,4.089419347457022
0.5,0.8,uniform,min,uniform,1,0.5366653803984968,op,2,gas,4.0,6.669725606689017,,61.04128628297103,9.15199363250464
0.5,0.8,uniform,min,uniform,1,0.5366653803984968,op,2,gasprice,0.25,6.669725606689017,,0.0,0.0
0.5,0.8,uniform,min,uniform,1,0.5366653803984968,op,2,gasprice,0.5,6.669725606689017,,0.0,0.0
0.5,0.8,uniform,min,uniform,1,0.5366653803984968,op,2,gasprice,0.8,6.669725606689017,,0.0,0.0
0.5,0.8,uniform,min,uniform,1,0.5366653803984968,op,2,gasprice,1.25,6.669725606689017,,0.0,0.0
0.5,0.8,uniform,min,uniform,1,0.5366653803984968,op,2,gasprice,2.0,6.669725606689017,,10.302789665767285,1.5447096737285109
0.5,0.8,uniform,min,uniform,1,0.5366653803984968,op,2,gasprice,4.0,6.669725606689017,,14.57205736800027,2.1848061265647964
0.5,0.8,uniform,min,uniform,1,0.5366653803984968,op,2,stake,0.25,6.669725606689017,,-3.90016257659541,-0.5847560764244883
0.5,0.8,uniform,min,uniform,1,0.5366653803984968,op,2,stake,0.5,6.669725606689017,,14.57205736800027,2.1848061265647964
0.5,0.8,uniform,min,uniform,1,0.5366653803984968,op,2,stake,0.8,6.669725606689017,,10.302789665767285,1.5447096737285109
0.5,0.8,uniform,min,uniform,1,0.5366653803984968,op,2,stake,1.25,6.669725606689017,,8.881784197001252e-16,1.331656610894724e-16
0.5,0.8,uniform,min,uniform,1,0.5366653803984968,op,2,stake,2.0,6.669725606689017,,0.0,0.0
0.5,0.8,uniform,min,uniform,1,0.5366653803984968,op,2,stake,4.0,6.669725606689017,,0.0,0.0
0.5,0.8,uniform,min,uniform,2,1.4597261794446266,app,0,gas,0.25,24.265446454297752,1.0,-18.199084840723316,-0.7500000000000001
0.5,0.8,uniform,min,uniform,2,1.4597261794446266,app,0,gas,0.5,24.265446454297752,1.0,-12.132723227148876,-0.5
0.5,0.8,uniform,min,uniform,2,1.4597261794446266,app,0,gas,0.8,24.265446454297752,1.0,-4.85308929085955,-0.2
0.5,0.8,uniform,min,uniform,2,1.4597261794446266,app,0,gas,1.25,24.265446454297752,1.0,0.0,0.0
0.5,0.8,uniform,min,uniform,2,1.4597261794446266,app,0,gas,2.0,24.265446454297752,1.0,0.0,0.0
0.5,0.8,uniform,min,uniform,2,1.4597261794446266,app,0,gas,4.0,24.265446454297752,1.0,0.0,0.0
0.5,0.8,uniform,min,uniform,2,1.4597261794446266,app,0,gasprice,0.25,24.265446454297752,1.0,0.0,0.0
0.5,0.8,uniform,min,uniform,2,1.4597261794446266,app,0,gasprice,0.5,24.265446454297752,1.0,0.0,0.0
0.5,0.8,uniform,min,uniform,2,1.4597261794446266,app,0,gasprice,0.8,24.265446454297752,1.0,0.0,0.0
0.5,0.8,uniform,min,uniform,2,1.4597261794446266,app,0,gasprice,1.25,24.265446454297752,1.0,0.0,0.0
0.5,0.8,uniform,min,uniform,2,1.4597261794446266,app,0,gasprice,2.0,24.265446454297752,1.0,0.0,0.0
0.5,0.8,uniform,min,uniform,2,1.4597261794446266,app,0,gasprice,4.0,24.265446454297752,1.0,0.0,0.0
0.5,0.8,uniform,min,uniform,2,1.4597261794446266,app,0,stake,0.25,24.265446454297752,1.0,0.0,0.0
0.5,0.8,uniform,min,uniform,2,1.4597261794446266,app,0,stake,0.5,24.265446454297752,1.0,0.0,0.0
0.5,0.8,uniform,min,uniform,2,1.4597261794446266,app,0,stake,0.8,24.265446454297752,1.0,0.0,0.0
0.5,0.8,uniform,min,uniform,2,1.4597261794446266,app,0,stake,1.25,24.265446454297752,1.0,0.0,0.0
0.5,0.8,uniform,min,uniform,2,1.4597261794446266,app,0,stake,2.0,24.265446454297752,1.0,-3.2807444516022635,-0.13520231155776644
0.5,0.8,uniform,min,uniform,2,1.4597261794446266,app,0,stake,4.0,24.265446454297752,1.0,-9.780130910611327,-0.4030476393266248
0.5,0.8,uniform,min,uniform,2,1.4597261794446266,app,1,gas,0.25,11.90848961184024,1.0,-8.93136720888018,-0.75
0.5,0.8,uniform,min,uniform,2,1.4597261794446266,app,1,gas,0.5,11.90848961184024,1.0,-5.95424480592012,-0.5
0.5,0.8,uniform,min,uniform,2,1.4597261794446266,app,1,gas,0.8,11.90848961184024,1.0,-2.3816979223680477,-0.19999999999999998
0.5,0.8,uniform,min,uniform,2,1.4597261794446266,app,1,gas,1.25,11.90848961184024,1.0,0.0,0.0
0.5,0.8,uniform,min,uniform,2,1.4597261794446266,app,1,gas,2.0,11.90848961184024,1.0,0.0,0.0
0.5,0.8,uniform,min,uniform,2,1.4597261794446266,app,1,gas,4.0,11.90848961184024,1.0,0.0,0.0
0.5,0.8,uniform,min,uniform,2,1.4597261794446266,app,1,gasprice,0.25,11.90848961184024,1.0,0.0,0.0
0.5,0.8,uniform,min,uniform,2,1.4597261794446266,app,1,gasprice,0.5,11.90848961184024,1.0,0.0,0.0
0.5,0.8,uniform,min,uniform,2,1.4597261794446266,app,1,gasprice,0.8,11.90848961184024,1.0,0.0,0.0
0.5,0.8,uniform,min,uniform,2,1.4597261794446266,app,1,gasprice,1.25,11.90848961184024,1.0,0.0,0.0
0.5,0.8,uniform,min,uniform,2,1.4597261794446266,app,1,gasprice,2.0,11.90848961184024,1.0,0.0,0.0
0.5,0.8,uniform,min,uniform,2,1.4597261794446266,app,1,gasprice,4.0,11.90848961184024,1.0,0.0,0.0
0.5,0.8,uniform,min,uniform,2,1.4597261794446266,app,1,stake,0.25,11.90848961184024,1.0,0.0,0.0
0.5,0.8,uniform,min,uniform,2,1.4597261794446266,app,1,stake,0.5,11.90848961184024,1.0,0.0,0.0
0.5,0.8,uniform,min,uniform,2,1.4597261794446266,app,1,stake,0.8,11.90848961184024,1.0,0.0,0.0
0.5,0.8,uniform,min,uniform,2,1.4597261794446266,app,1,stake,1.25,11.90848961184024,1.0,0.0,0.0
0.5,0.8,uniform,min,uniform,2,1.4597261794446266,app,1,stake,2.0,11.90848961184024,1.0,0.0,0.0
0.5,0.8,uniform,min,uniform,2,1.4597261794446266,app,1,stake,4.0,11.90848961184024,1.0,-11.90848961184024,-1.0
0.5,0.8,uniform,min,uniform,2,1.4597261794446266,app,2,gas,0.25,13.28899775759753,1.0,-9.966748318198148,-0.75
0.5,0.8,uniform,min,uniform,2,1.4597261794446266,app,2,gas,0.5,13.28899775759753,1.0,-6.644498878798765,-0.5
0.5,0.8,uniform,min,uniform,2,1.4597261794446266,app,2,gas,0.8,13.28899775759753,1.0,-2.6577995515195045,-0.1999999999999999
0.5,0.8,uniform,min,uniform,2,1.4597261794446266,app,2,gas,1.25,13.28899775759753,1.0,0.0,0.0
0.5,0.8,uniform,min,uniform,2,1.4597261794446266,app,2,gas,2.0,13.28899775759753,1.0,0.0,0.0
0.5,0.8,uniform,min,uniform,2,1.4597261794446266,app,2,gas,4.0,13.28899775759753,1.0,0.0,0.0
0.5,0.8,uniform,min,uniform,2,1.4597261794446266,app,2,gasprice,0.25,13.28899775759753,1.0,-13.28899775759753,-1.0
0.5,0.8,uniform,min,uniform,2,1.4597261794446266,app,2,gasprice,0.5,13.28899775759753,1.0,-13.28899775759753,-1.0
0.5,0.8,uniform,min,uniform,2,1.4597261794446266,app,2,gasprice,0.8,13.28899775759753,1.0,0.0,0.0
0.5,0.8,uniform,min,uniform,2,1.4597261794446266,app,2,gasprice,1.25,13.28899775759753,1.0,0.0,0.0
0.5,0.8,uniform,min,uniform,2,1.4597261794446266,app,2,gasprice,2.0,13.28899775759753,1.0,0.0,0.0
0.5,0.8,uniform,min,uniform,2,1.4597261794446266,app,2,gasprice,4.0,13.28899775759753,1.0,0.0,0.0
0.5,0.8,uniform,min,uniform,2,1.4597261794446266,app,2,stake,0.25,13.28899775759753,1.0,0.0,0.0
0.5,0.8,uniform,min,uniform,2,1.4597261794446266,app,2,stake,0.5,13.28899775759753,1.0,0.0,0.0
0.5,0.8,uniform,min,uniform,2,1.4597261794446266,app,2,stake,0.8,13.28899775759753,1.0,0.0,0.0
0.5,0.8,uniform,min,uniform,2,1.4597261794446266,app,2,stake,1.25,13.28899775759753,1.0,0.0,0.0
0.5,0.8,uniform,min,uniform,2,1.4597261794446266,app,2,stake,2.0,13.28899775759753,1.0,-13.28899775759753,-1.0
0.5,0.8,uniform,min,uniform,2,1.4597261794446266,app,2,stake,4.0,13.28899775759753,1.0,-13.28899775759753,-1.0
0.5,0.8,uniform,min,uniform,2,1.4597261794446266,app,3,gas,0.25,1.7481054777238851,1.0,-1.3110791082929139,-0.75
0.5,0.8,uniform,min,uniform,2,1.4597261794446266,app,3,gas,0.5,1.7481054777238851,1.0,-0.8740527388619426,-0.5
0.5,0.8,uniform,min,uniform,2,1.4597261794446266,app,3,gas,0.8,1.7481054777238851,1.0,-0.34962109554477694,-0.19999999999999996
0.5,0.8,uniform,min,uniform,2,1.4597261794446266,app,3,gas,1.25,1.7481054777238851,1.0,0.0,0.0
0.5,0.8,uniform,min,uniform,2,1.4597261794446266,app,3,gas,2.0,1.7481054777238851,1.0,0.0,0.0
0.5,0.8,uniform,min,uniform,2,1.4597261794446266,app,3,gas,4.0,1.7481054777238851,1.0,0.0,0.0
0.5,0.8,uniform,min,uniform,2,1.4597261794446266,app,3,gasprice,0.25,1.7481054777238851,1.0,-1.7481054777238851,-1.0
0.5,0.8,uniform,min,uniform,2,1.4597261794446266,app,3,gasprice,0.5,1.7481054777238851,1.0,-1.7481054777238851,-1.0
0.5,0.8,uniform,min,uniform,2,1.4597261794446266,app,3,gasprice,0.8,1.7481054777238851,1.0,0.0,0.0
0.5,0.8,uniform,min,uniform,2,1.4597261794446266,app,3,gasprice,1.25,1.7481054777238851,1.0,0.0,0.0
0.5,0.8,uniform,min,uniform,2,1.4597261794446266,app,3,gasprice,2.0,1.7481054777238851,1.0,0.0,0.0
0.5,0.8,uniform,min,uniform,2,1.4597261794446266,app,3,gasprice,4.0,1.7481054777238851,1.0,0.0,0.0
0.5,0.8,uniform,min,uniform,2,1.4597261794446266,app,3,stake,0.25,1.7481054777238851,1.0,0.0,0.0
0.5,0.8,uniform,min,uniform,2,1.4597261794446266,app,3,stake,0.5,1.7481054777238851,1.0,0.0,0.0
0.5,0.8,uniform,min,uniform,2,1.4597261794446266,app,3,stake,0.8,1.7481054777238851,1.0,0.0,0.0
0.5,0.8,uniform,min,uniform,2,1.4597261794446266,app,3,stake,1.25,1.7481054777238851,1.0,0.0,0.0
0.5,0.8,uniform,min,uniform,2,1.4597261794446266,app,3,stake,2.0,1.7481054777238851,1.0,-1.7481054777238851,-1.0
0.5,0.8,uniform,min,uniform,2,1.4597261794446266,app,3,stake,4.0,1.7481054777238851,1.0,-1.7481054777238851,-1.0
0.5,0.8,uniform,min,uniform,2,1.4597261794446266,op,0,gas,0.25,5.119804131690773,,-4.339451608573584,-0.8475815669808673
0.5,0.8,uniform,min,uniform,2,1.4597261794446266,op,0,gas,0.5,5.119804131690773,,-1.5473885429178482,-0.3022358869824256
0.5,0.8,uniform,min,uniform,2,1.4597261794446266,op,0,gas,0.8,5.119804131690773,,0.0,0.0
0.5,0.8,uniform,min,uniform,2,1.4597261794446266,op,0,gas,1.25,5.119804131690773,,49.06432915902029,9.583243400918386
0.5,0.8,uniform,min,uniform,2,1.4597261794446266,op,0,gas,2.0,5.119804131690773,,49.06432915902029,9.583243400918386
0.5,0.8,uniform,min,uniform,2,1.4597261794446266,op,0,gas,4.0,5.119804131690773,,49.06432915902029,9.583243400918386
0.5,0.8,uniform,min,uniform,2,1.4597261794446266,op,0,gasprice,0.25,5.119804131690773,,0.0,0.0
0.5,0.8,uniform,min,uniform,2,1.4597261794446266,op,0,gasprice,0.5,5.119804131690773,,0.0,0.0
0.5,0.8,uniform,min,uniform,2,1.4597261794446266,op,0,gasprice,0.8,5.119804131690773,,0.0,0.0
0.5,0.8,uniform,min,uniform,2,1.4597261794446266,op,0,gasprice,1.25,5.119804131690773,,41.73850908836202,8.152364429335742
0.5,0.8,uniform,min,uniform,2,1.4597261794446266,op,0,gasprice,2.0,5.119804131690773,,41.73850908836202,8.152364429335742
0.5,0.8,uniform,min,uniform,2,1.4597261794446266,op,0,gasprice,4.0,5.119804131690773,,41.73850908836202,8.152364429335742
0.5,0.8,uniform,min,uniform,2,1.4597261794446266,op,0,stake,0.25,5.119804131690773,,4.251858512219596,0.8304728858475793
0.5,0.8,uniform,min,uniform,2,1.4597261794446266,op,0,stake,0.5,5.119804131690773,,-3.0877073712131455,-0.6030909175022396
0.5,0.8,uniform,min,uniform,2,1.4597261794446266,op,0,stake,0.8,5.119804131690773,,0.0,0.0
0.5,0.8,uniform,min,uniform,2,1.4597261794446266,op,0,stake,1.25,5.119804131690773,,-8.881784197001252e-16,-1.734789841280142e-16
0.5,0.8,uniform,min,uniform,2,1.4597261794446266,op,0,stake,2.0,5.119804131690773,,0.0,0.0
0.5,0.8,uniform,min,uniform,2,1.4597261794446266,op,0,stake,4.0,5.119804131690773,,0.0,0.0
0.5,0.8,uniform,min,uniform,2,1.4597261794446266,op,1,gas,0.25,12.712840465858655,,-11.932487942803355,-0.9386169813779227
0.5,0.8,uniform,min,uniform,2,1.4597261794446266,op,1,gas,0.5,12.712840465858655,,-4.980982287076098,-0.3918071889954824
0.5,0.8,uniform,min,uniform,2,1.4597261794446266,op,1,gas,0.8,12.712840465858655,,-0.34186737980656545,-0.0268915023927719
0.5,0.8,uniform,min,uniform,2,1.4597261794446266,op,1,gas,1.25,12.712840465858655,,0.0,0.0
0.5,0.8,uniform,min,uniform,2,1.4597261794446266,op,1,gas,2.0,12.712840465858655,,0.0,0.0
0.5,0.8,uniform,min,uniform,2,1.4597261794446266,op,1,gas,4.0,12.712840465858655,,0.0,0.0
0.5,0.8,uniform,min,uniform,2,1.4597261794446266,op,1,gasprice,0.25,12.712840465858655,,0.0,0.0
0.5,0.8,uniform,min,uniform,2,1.4597261794446266,op,1,gasprice,0.5,12.712840465858655,,0.0,0.0
0.5,0.8,uniform,min,uniform,2,1.4597261794446266,op,1,gasprice,0.8,12.712840465858655,,0.0,0.0
0.5,0.8,uniform,min,uniform,2,1.4597261794446266,op,1,gasprice,1.25,12.712840465858655,,0.0,0.0
0.5,0.8,uniform,min,uniform,2,1.4597261794446266,op,1,gasprice,2.0,12.712840465858655,,0.0,0.0
0.5,0.8,uniform,min,uniform,2,1.4597261794446266,op,1,gasprice,4.0,12.712840465858655,,-12.712840465858655,-1.0
0.5,0.8,uniform,min,uniform,2,1.4597261794446266,op,1,stake,0.25,12.712840465858655,,-12.712840465858655,-1.0
0.5,0.8,uniform,min,uniform,2,1.4597261794446266,op,1,stake,0.5,12.712840465858655,,-12.712840465858655,-1.0
0.5,0.8,uniform,min,uniform,2,1.4597261794446266,op,1,stake,0.8,12.712840465858655,,0.0,0.0
0.5,0.8,uniform,min,uniform,2,1.4597261794446266,op,1,stake,1.25,12.712840465858655,,-1.7763568394002505e-15,-1.3972934248414414e-16
0.5,0.8,uniform,min,uniform,2,1.4597261794446266,op,1,stake,2.0,12.712840465858655,,0.0,0.0
0.5,0.8,uniform,min,uniform,2,1.4597261794446266,op,1,stake,4.0,12.712840465858655,,0.0,0.0
0.5,0.8,uniform,min,uniform,2,1.4597261794446266,op,2,gas,0.25,54.184133289986974,,-50.84029143427057,-0.938287434850705
0.5,0.8,uniform,min,uniform,2,1.4597261794446266,op,2,gas,0.5,54.184133289986974,,-49.06432915836462,-0.9055110080985928
0.5,0.8,uniform,min,uniform,2,1.4597261794446266,op,2,gas,0.8,54.184133289986974,,0.0,0.0
0.5,0.8,uniform,min,uniform,2,1.4597261794446266,op,2,gas,1.25,54.184133289986974,,0.0,0.0
0.5,0.8,uniform,min,uniform,2,1.4597261794446266,op,2,gas,2.0,54.184133289986974,,0.0,0.0
0.5,0.8,uniform,min,uniform,2,1.4597261794446266,op,2,gas,4.0,54.184133289986974,,0.0,0.0
0.5,0.8,uniform,min,uniform,2,1.4597261794446266,op,2,gasprice,0.25,54.184133289986974,,0.0,0.0
0.5,0.8,uniform,min,uniform,2,1.4597261794446266,op,2,gasprice,0.5,54.184133289986974,,0.0,0.0
0.5,0.8,uniform,min,uniform,2,1.4597261794446266,op,2,gasprice,0.8,54.184133289986974,,0.0,0.0
0.5,0.8,uniform,min,uniform,2,1.4597261794446266,op,2,gasprice,1.25,54.184133289986974,,0.0,0.0
0.5,0.8,uniform,min,uniform,2,1.4597261794446266,op,2,gasprice,2.0,54.184133289986974,,0.0,0.0
0.5,0.8,uniform,min,uniform,2,1.4597261794446266,op,2,gasprice,4.0,54.184133289986974,,0.0,0.0
0.5,0.8,uniform,min,uniform,2,1.4597261794446266,op,2,stake,0.25,54.184133289986974,,-44.81247064600146,-0.8270404623097042
0.5,0.8,uniform,min,uniform,2,1.4597261794446266,op,2,stake,0.5,54.184133289986974,,-38.56469555003895,-0.7117341038500206
0.5,0.8,uniform,min,uniform,2,1.4597261794446266,op,2,stake,0.8,54.184133289986974,,0.0,0.0
0.5,0.8,uniform,min,uniform,2,1.4597261794446266,op,2,stake,1.25,54.184133289986974,,0.0,0.0
0.5,0.8,uniform,min,uniform,2,1.4597261794446266,op,2,stake,2.0,54.184133289986974,,-49.06432915836462,-0.9055110080985928
0.5,0.8,uniform,min,uniform,2,1.4597261794446266,op,2,stake,4.0,54.184133289986974,,-49.06432915836462,-0.9055110080985928
0.5,0.8,uniform,min,uniform,3,0.2500777234106901,app,0,gas,0.25,21.798101632362453,0.1409857811684057,0.0,0.0
0.5,0.8,uniform,min,uniform,3,0.2500777234106901,app,0,gas,0.5,21.798101632362453,0.1409857811684057,0.0,0.0
0.5,0.8,uniform,min,uniform,3,0.2500777234106901,app,0,gas,0.8,21.798101632362453,0.1409857811684057,0.0,0.0
0.5,0.8,uniform,min,uniform,3,0.2500777234106901,app,0,gas,1.25,21.798101632362453,0.1409857811684057,0.0,0.0
0.5,0.8,uniform,min,uniform,3,0.2500777234106901,app,0,gas,2.0,21.798101632362453,0.1409857811684057,0.0,0.0
0.5,0.8,uniform,min,uniform,3,0.2500777234106901,app,0,gas,4.0,21.798101632362453,0.1409857811684057,0.0,0.0
0.5,0.8,uniform,min,uniform,3,0.2500777234106901,app,0,gasprice,0.25,21.798101632362453,0.1409857811684057,-21.798101632362453,-1.0
0.5,0.8,uniform,min,uniform,3,0.2500777234106901,app,0,gasprice,0.5,21.798101632362453,0.1409857811684057,0.0,0.0
0.5,0.8,uniform,min,uniform,3,0.2500777234106901,app,0,gasprice,0.8,21.798101632362453,0.1409857811684057,0.0,0.0
0.5,0.8,uniform,min,uniform,3,0.2500777234106901,app,0,gasprice,1.25,21.798101632362453,0.1409857811684057,0.0,0.0
0.5,0.8,uniform,min,uniform,3,0.2500777234106901,app,0,gasprice,2.0,21.798101632362453,0.1409857811684057,0.0,0.0
0.5,0.8,uniform,min,uniform,3,0.2500777234106901,app,0,gasprice,4.0,21.798101632362453,0.1409857811684057,0.0,0.0
0.5,0.8,uniform,min,uniform,3,0.2500777234106901,app,0,stake,0.25,21.798101632362453,0.1409857811684057,0.0,0.0
0.5,0.8,uniform,min,uniform,3,0.2500777234106901,app,0,stake,0.5,21.798101632362453,0.1409857811684057,0.0,0.0
0.5,0.8,uniform,min,uniform,3,0.2500777234106901,app,0,stake,0.8,21.798101632362453,0.1409857811684057,0.0,0.0
0.5,0.8,uniform,min,uniform,3,0.2500777234106901,app,0,stake,1.25,21.798101632362453,0.1409857811684057,0.0,0.0
0.5,0.8,uniform,min,uniform,3,0.2500777234106901,app,0,stake,2.0,21.798101632362453,0.1409857811684057,-5.800869067990668,-0.26611808522712976
0.5,0.8,uniform,min,uniform,3,0.2500777234106901,app,0,stake,4.0,21.798101632362453,0.1409857811684057,-10.061264384011539,-0.4615660828498078
0.5,0.8,uniform,min,uniform,3,0.2500777234106901,app,1,gas,0.25,0.0,0.0,0.0,
0.5,0.8,uniform,min,uniform,3,0.2500777234106901,app,1,gas,0.5,0.0,0.0,0.0,
0.5,0.8,uniform,min,uniform,3,0.2500777234106901,app,1,gas,0.8,0.0,0.0,0.0,
0.5,0.8,uniform,min,uniform,3,0.2500777234106901,app,1,gas,1.25,0.0,0.0,0.0,
0.5,0.8,uniform,min,uniform,3,0.2500777234106901,app,1,gas,2.0,0.0,0.0,0.0,
0.5,0.8,uniform,min,uniform,3,0.2500777234106901,app,1,gas,4.0,0.0,0.0,0.0,
0.5,0.8,uniform,min,uniform,3,0.2500777234106901,app,1,gasprice,0.25,0.0,0.0,0.0,
0.5,0.8,uniform,min,uniform,3,0.2500777234106901,app,1,gasprice,0.5,0.0,0.0,0.0,
0.5,0.8,uniform,min,uniform,3,0.2500777234106901,app,1,gasprice,0.8,0.0,0.0,0.0,
0.5,0.8,uniform,min,uniform,3,0.2500777234106901,app,1,gasprice,1.25,0.0,0.0,0.0,
0.5,0.8,uniform,min,uniform,3,0.2500777234106901,app,1,gasprice,2.0,0.0,0.0,1.5594527659868662,
0.5,0.8,uniform,min,uniform,3,0.2500777234106901,app,1,gasprice,4.0,0.0,0.0,1.5594527659868662,
0.5,0.8,uniform,min,uniform,3,0.2500777234106901,app,1,stake,0.25,0.0,0.0,0.0,
0.5,0.8,uniform,min,uniform,3,0.2500777234106901,app,1,stake,0.5,0.0,0.0,0.0,
0.5,0.8,uniform,min,uniform,3,0.2500777234106901,app,1,stake,0.8,0.0,0.0,0.0,
0.5,0.8,uniform,min,uniform,3,0.2500777234106901,app,1,stake,1.25,0.0,0.0,0.0,
0.5,0.8,uniform,min,uniform,3,0.2500777234106901,app,1,stake,2.0,0.0,0.0,0.0,
0.5,0.8,uniform,min,uniform,3,0.2500777234106901,app,1,stake,4.0,0.0,0.0,0.0,
0.5,0.8,uniform,min,uniform,3,0.2500777234106901,app,2,gas,0.25,0.0,0.0,0.0,
0.5,0.8,uniform,min,uniform,3,0.2500777234106901,app,2,gas,0.5,0.0,0.0,0.0,
0.5,0.8,uniform,min,uniform,3,0.2500777234106901,app,2,gas,0.8,0.0,0.0,0.0,
0.5,0.8,uniform,min,uniform,3,0.2500777234106901,app,2,gas,1.25,0.0,0.0,0.0,
0.5,0.8,uniform,min,uniform,3,0.2500777234106901,app,2,gas,2.0,0.0,0.0,0.0,
0.5,0.8,uniform,min,uniform,3,0.2500777234106901,app,2,gas,4.0,0.0,0.0,0.0,
0.5,0.8,uniform,min,uniform,3,0.2500777234106901,app,2,gasprice,0.25,0.0,0.0,0.0,
0.5,0.8,uniform,min,uniform,3,0.2500777234106901,app,2,gasprice,0.5,0.0,0.0,0.0,
0.5,0.8,uniform,min,uniform,3,0.2500777234106901,app,2,gasprice,0.8,0.0,0.0,0.0,
0.5,0.8,uniform,min,uniform,3,0.2500777234106901,app,2,gasprice,1.25,0.0,0.0,0.0,
0.5,0.8,uniform,min,uniform,3,0.2500777234106901,app,2,gasprice,2.0,0.0,0.0,0.0,
0.5,0.8,uniform,min,uniform,3,0.2500777234106901,app,2,gasprice,4.0,0.0,0.0,15.997232564371785,
0.5,0.8,uniform,min,uniform,3,0.2500777234106901,app,2,stake,0.25,0.0,0.0,0.0,
0.5,0.8,uniform,min,uniform,3,0.2500777234106901,app,2,stake,0.5,0.0,0.0,0.0,
0.5,0.8,uniform,min,uniform,3,0.2500777234106901,app,2,stake,0.8,0.0,0.0,0.0,
0.5,0.8,uniform,min,uniform,3,0.2500777234106901,app,2,stake,1.25,0.0,0.0,0.0,
0.5,0.8,uniform,min,uniform,3,0.2500777234106901,app,2,stake,2.0,0.0,0.0,0.0,
0.5,0.8,uniform,min,uniform,3,0.2500777234106901,app,2,stake,4.0,0.0,0.0,0.0,
0.5,0.8,uniform,min,uniform,3,0.2500777234106901,app,3,gas,0.25,11.384245135273414,1.0,-8.53818385145506,-0.7499999999999999
0.5,0.8,uniform,min,uniform,3,0.2500777234106901,app,3,gas,0.5,11.384245135273414,1.0,-5.692122567636707,-0.5
0.5,0.8,uniform,min,uniform,3,0.2500777234106901,app,3,gas,0.8,11.384245135273414,1.0,-2.2768490270546824,-0.19999999999999996
0.5,0.8,uniform,min,uniform,3,0.2500777234106901,app,3,gas,1.25,11.384245135273414,1.0,0.0,0.0
0.5,0.8,uniform,min,uniform,3,0.2500777234106901,app,3,gas,2.0,11.384245135273414,1.0,0.0,0.0
0.5,0.8,uniform,min,uniform,3,0.2500777234106901,app,3,gas,4.0,11.384245135273414,1.0,0.0,0.0
0.5,0.8,uniform,min,uniform,3,0.2500777234106901,app,3,gasprice,0.25,11.384245135273414,1.0,-11.384245135273414,-1.0
0.5,0.8,uniform,min,uniform,3,0.2500777234106901,app,3,gasprice,0.5,11.384245135273414,1.0,-11.384245135273414,-1.0
0.5,0.8,uniform,min,uniform,3,0.2500777234106901,app,3,gasprice,0.8,11.384245135273414,1.0,0.0,0.0
0.5,0.8,uniform,min,uniform,3,0.2500777234106901,app,3,gasprice,1.25,11.384245135273414,1.0,0.0,0.0
0.5,0.8,uniform,min,uniform,3,0.2500777234106901,app,3,gasprice,2.0,11.384245135273414,1.0,0.0,0.0
0.5,0.8,uniform,min,uniform,3,0.2500777234106901,app,3,gasprice,4.0,11.384245135273414,1.0,0.0,0.0
0.5,0.8,uniform,min,uniform,3,0.2500777234106901,app,3,stake,0.25,11.384245135273414,1.0,0.0,0.0
0.5,0.8,uniform,min,uniform,3,0.2500777234106901,app,3,stake,0.5,11.384245135273414,1.0,0.0,0.0
0.5,0.8,uniform,min,uniform,3,0.2500777234106901,app,3,stake,0.8,11.384245135273414,1.0,0.0,0.0
0.5,0.8,uniform,min,uniform,3,0.2500777234106901,app,3,stake,1.25,11.384245135273414,1.0,0.0,0.0
0.5,0.8,uniform,min,uniform,3,0.2500777234106901,app,3,stake,2.0,11.384245135273414,1.0,0.0,0.0
0.5,0.8,uniform,min,uniform,3,0.2500777234106901,app,3,stake,4.0,11.384245135273414,1.0,-11.384245135273414,-1.0
0.5,0.8,uniform,min,uniform,3,0.2500777234106901,op,0,gas,0.25,13.996845835909449,,-13.996845835909449,-1.0
0.5,0.8,uniform,min,uniform,3,0.2500777234106901,op,0,gas,0.5,13.996845835909449,,-13.996845835909449,-1.0
0.5,0.8,uniform,min,uniform,3,0.2500777234106901,op,0,gas,0.8,13.996845835909449,,-2.79936916718189,-0.20000000000000004
0.5,0.8,uniform,min,uniform,3,0.2500777234106901,op,0,gas,1.25,13.996845835909449,,3.4992114589773617,0.24999999999999997
0.5,0.8,uniform,min,uniform,3,0.2500777234106901,op,0,gas,2.0,13.996845835909449,,13.996845835909449,1.0
0.5,0.8,uniform,min,uniform,3,0.2500777234106901,op,0,gas,4.0,13.996845835909449,,41.99053750772835,3.0
0.5,0.8,uniform,min,uniform,3,0.2500777234106901,op,0,gasprice,0.25,13.996845835909449,,-11.541871138179626,-0.8246051484376937
0.5,0.8,uniform,min,uniform,3,0.2500777234106901,op,0,gasprice,0.5,13.996845835909449,,0.0,0.0
0.5,0.8,uniform,min,uniform,3,0.2500777234106901,op,0,gasprice,0.8,13.996845835909449,,0.0,0.0
0.5,0.8,uniform,min,uniform,3,0.2500777234106901,op,0,gasprice,1.25,13.996845835909449,,0.0,0.0
0.5,0.8,uniform,min,uniform,3,0.2500777234106901,op,0,gasprice,2.0,13.996845835909449,,0.0,0.0
0.5,0.8,uniform,min,uniform,3,0.2500777234106901,op,0,gasprice,4.0,13.996845835909449,,-13.996845835909449,-1.0
0.5,0.8,uniform,min,uniform,3,0.2500777234106901,op,0,stake,0.25,13.996845835909449,,-11.942439431158515,-0.8532236170323264
0.5,0.8,uniform,min,uniform,3,0.2500777234106901,op,0,stake,0.5,13.996845835909449,,-10.572835161375492,-0.7553726950575161
0.5,0.8,uniform,min,uniform,3,0.2500777234106901,op,0,stake,0.8,13.996845835909449,,0.0,0.0
0.5,0.8,uniform,min,uniform,3,0.2500777234106901,op,0,stake,1.25,13.996845835909449,,0.0,0.0
0.5,0.8,uniform,min,uniform,3,0.2500777234106901,op,0,stake,2.0,13.996845835909449,,-13.996845835909449,-1.0
0.5,0.8,uniform,min,uniform,3,0.2500777234106901,op,0,stake,4.0,13.996845835909449,,-13.996845835909449,-1.0
0.5,0.8,uniform,min,uniform,3,0.2500777234106901,op,1,gas,0.25,0.0,,0.0,
0.5,0.8,uniform,min,uniform,3,0.2500777234106901,op,1,gas,0.5,0.0,,0.0,
0.5,0.8,uniform,min,uniform,3,0.2500777234106901,op,1,gas,0.8,0.0,,0.0,
0.5,0.8,uniform,min,uniform,3,0.2500777234106901,op,1,gas,1.25,0.0,,0.0,
0.5,0.8,uniform,min,uniform,3,0.2500777234106901,op,1,gas,2.0,0.0,,20.544064047967712,
0.5,0.8,uniform,min,uniform,3,0.2500777234106901,op,1,gas,4.0,0.0,,41.088128095935424,
0.5,0.8,uniform,min,uniform,3,0.2500777234106901,op,1,gasprice,0.25,0.0,,1.8016615320899039,
0.5,0.8,uniform,min,uniform,3,0.2500777234106901,op,1,gasprice,0.5,0.0,,0.30483353083534226,
0.5,0.8,uniform,min,uniform,3,0.2500777234106901,op,1,gasprice,0.8,0.0,,0.0,
0.5,0.8,uniform,min,uniform,3,0.2500777234106901,op,1,gasprice,1.25,0.0,,0.0,
0.5,0.8,uniform,min,uniform,3,0.2500777234106901,op,1,gasprice,2.0,0.0,,0.0,
0.5,0.8,uniform,min,uniform,3,0.2500777234106901,op,1,gasprice,4.0,0.0,,0.0,
0.5,0.8,uniform,min,uniform,3,0.2500777234106901,op,1,stake,0.25,0.0,,0.0,
0.5,0.8,uniform,min,uniform,3,0.2500777234106901,op,1,stake,0.5,0.0,,0.0,
0.5,0.8,uniform,min,uniform,3,0.2500777234106901,op,1,stake,0.8,0.0,,0.0,
0.5,0.8,uniform,min,uniform,3,0.2500777234106901,op,1,stake,1.25,0.0,,0.0,
0.5,0.8,uniform,min,uniform,3,0.2500777234106901,op,1,stake,2.0,0.0,,0.0,
0.5,0.8,uniform,min,uniform,3,0.2500777234106901,op,1,stake,4.0,0.0,,0.0,
0.5,0.8,uniform,min,uniform,3,0.2500777234106901,op,2,gas,0.25,3.987667323977494,,-3.987667323977494,-1.0
0.5,0.8,uniform,min,uniform,3,0.2500777234106901,op,2,gas,0.5,3.987667323977494,,-1.932080773180386,-0.48451403194116865
0.5,0.8,uniform,min,uniform,3,0.2500777234106901,op,2,gas,0.8,3.987667323977494,,-0.6987288427021205,-0.17522245110586968
0.5,0.8,uniform,min,uniform,3,0.2500777234106901,op,2,gas,1.25,3.987667323977494,,0.0,0.0
0.5,0.8,uniform,min,uniform,3,0.2500777234106901,op,2,gas,2.0,3.987667323977494,,11.085085742707909,2.7798421588617135
0.5,0.8,uniform,min,uniform,3,0.2500777234106901,op,2,gas,4.0,3.987667323977494,,26.15783880939331,6.559684317723427
0.5,0.8,uniform,min,uniform,3,0.2500777234106901,op,2,gasprice,0.25,3.987667323977494,,-1.6934128150120489,-0.42466251004182476
0.5,0.8,uniform,min,uniform,3,0.2500777234106901,op,2,gasprice,0.5,3.987667323977494,,-1.6934128150120489,-0.42466251004182476
0.5,0.8,uniform,min,uniform,3,0.2500777234106901,op,2,gasprice,0.8,3.987667323977494,,0.0,0.0
0.5,0.8,uniform,min,uniform,3,0.2500777234106901,op,2,gasprice,1.25,3.987667323977494,,0.0,0.0
0.5,0.8,uniform,min,uniform,3,0.2500777234106901,op,2,gasprice,2.0,3.987667323977494,,-3.987667323977494,-1.0
0.5,0.8,uniform,min,uniform,3,0.2500777234106901,op,2,gasprice,4.0,3.987667323977494,,-3.987667323977494,-1.0
0.5,0.8,uniform,min,uniform,3,0.2500777234106901,op,2,stake,0.25,3.987667323977494,,-3.19013385936542,-0.800000000045998
0.5,0.8,uniform,min,uniform,3,0.2500777234106901,op,2,stake,0.5,3.987667323977494,,-2.65844488290642,-0.666666666730553
0.5,0.8,uniform,min,uniform,3,0.2500777234106901,op,2,stake,0.8,3.987667323977494,,0.0,0.0
0.5,0.8,uniform,min,uniform,3,0.2500777234106901,op,2,stake,1.25,3.987667323977494,,0.0,0.0
0.5,0.8,uniform,min,uniform,3,0.2500777234106901,op,2,stake,2.0,3.987667323977494,,0.0,0.0
0.5,0.8,uniform,min,uniform,3,0.2500777234106901,op,2,stake,4.0,3.987667323977494,,0.0,0.0
