cap_scale,seed,w_app,w_op,w_sys,napp,nsys,nop
0.5,0,0.0,0.0,1.0,0.4748753858257791,0.2989936544113842,6.883177992386419
0.5,0,0.0,0.2,0.8,0.3785820877264854,0.2835176322614162,7.4131266210296305
0.5,0,0.0,0.4,0.6,0.3785820877264854,0.2835176322614162,7.4131266210296305
0.5,0,0.0,0.6,0.4,0.3785820877264854,0.2835176322614162,7.4131266210296305
0.5,0,0.0,0.8,0.2,0.3785820877264854,0.2835176322614162,7.4131266210296305
0.5,0,0.0,1.0,0.0,0.37321540390053326,0.2781227335604095,7.35621455257013
0.5,0,0.2,0.0,0.8,0.520887256545341,0.242861583408116,5.870428129571502
0.5,0,0.2,0.2,0.6,0.6561594234742961,0.2547113745664845,5.7797093908676604
0.5,0,0.2,0.4,0.4,0.6641468206832675,0.3290756536961462,7.791799618907841
0.5,0,0.2,0.6,0.2,0.6360937721005497,0.2896312479116548,6.535646956147668
0.5,0,0.2,0.8,0.0,0.6854290765080218,0.27528813715262246,5.7570045633756255
0.5,0,0.4,0.0,0.6,0.5422336053722654,0.2198092103981271,4.838770442414798
0.5,0,0.4,0.2,0.4,0.613843496414568,0.2684383576987132,5.681428157502512
0.5,0,0.4,0.4,0.2,0.6227008044732045,0.22821946676920965,5.058451014551493
0.5,0,0.4,0.6,0.0,0.624496282672784,0.24466877662422945,5.385845238197996
0.5,0,0.6,0.0,0.4,0.5909130590148362,0.18395285420472035,4.9451335080767675
0.5,0,0.6,0.2,0.2,0.5833786579703581,0.27560009880632064,6.230766740736614
0.5,0,0.6,0.4,0.0,0.624496282672784,0.24466877662422945,5.385845238197996
0.5,0,0.8,0.0,0.2,0.6242767413134469,0.21532662822661855,4.664795076112945
0.5,0,0.8,0.2,0.0,0.624496282672784,0.24466877662422945,5.385845238197996
0.5,0,1.0,0.0,0.0,0.5830687542735029,0.18020165847079186,4.431833469082381
0.5,1,0.0,0.0,1.0,0.335925373158937,0.1555846258581184,4.659481049751232
0.5,1,0.0,0.2,0.8,0.38296454267586605,0.1735209655489114,5.294678231260694
0.5,1,0.0,0.4,0.6,0.38296454267586605,0.1735209655489114,5.294678231260694
0.5,1,0.0,0.6,0.4,0.38296454267586605,0.1735209655489114,5.294678231260694
0.5,1,0.0,0.8,0.2,0.3982702968623609,0.18416965072891978,5.22121371364961
0.5,1,0.0,1.0,0.0,0.3449658627419884,0.192360342749982,5.3746323485118115
0.5,1,0.2,0.0,0.8,0.4423574327459464,0.20621390337832832,5.635475333382701
0.5,1,0.2,0.2,0.6,0.47904993290319525,0.21448706269598755,6.452454093510814
0.5,1,0.2,0.4,0.4,0.4302651138125938,0.19276037135076132,4.819567523717576
0.5,1,0.2,0.6,0.2,0.4388099854799683,0.20007272498380016,5.449364085262341
0.5,1,0.2,0.8,0.0,0.47067279958103503,0.15120111775813522,3.798065231146007
0.5,1,0.4,0.0,0.6,0.43485095749899594,0.18957491656127926,4.742198220748177
0.5,1,0.4,0.2,0.4,0.42141945479577886,0.18052632261787666,5.129003671367046
0.5,1,0.4,0.4,0.2,0.47067279958103503,0.15120111775813522,3.798065231146007
0.5,1,0.4,0.6,0.0,0.47067279958103503,0.15120111775813522,3.798065231146007
0.5,1,0.6,0.0,0.4,0.5141860915346287,0.15074200616680822,3.9227403503514173
0.5,1,0.6,0.2,0.2,0.47067279958103503,0.15120111775813522,3.798065231146007
0.5,1,0.6,0.4,0.0,0.47067279958103503,0.15120111775813522,3.798065231146007
0.5,1,0.8,0.0,0.2,0.5165138493989486,0.14709354236765887,3.8341253425411304
0.5,1,0.8,0.2,0.0,0.47067279958103503,0.15120111775813522,3.798065231146007
0.5,1,1.0,0.0,0.0,0.4908250280634439,0.09959750283487015,2.9518330556958854
0.5,2,0.0,0.0,1.0,0.3017246376531429,0.23072415299855883,8.582193591675292
0.5,2,0.0,0.2,0.8,0.2865259071474067,0.22881740281564586,8.286389200358013
0.5,2,0.0,0.4,0.6,0.2865259071474067,0.22881740281564586,8.286389200358013
0.5,2,0.0,0.6,0.4,0.2865259071474067,0.22881740281564586,8.286389200358013
0.5,2,0.0,0.8,0.2,0.2865259071474067,0.22881740281564586,8.286389200358013
0.5,2,0.0,1.0,0.0,0.13933728394445105,0.1586376152649569,6.977788759011048
0.5,2,0.2,0.0,0.8,0.35852351697063434,0.19091432125313423,7.318416533287942
0.5,2,0.2,0.2,0.6,0.4317000077901662,0.2096704855613562,8.334857085777323
0.5,2,0.2,0.4,0.4,0.40603535660584467,0.22195464986064636,8.47223478986478
0.5,2,0.2,0.6,0.2,0.3708760197829408,0.1737185074687654,7.581940849947175
0.5,2,0.2,0.8,0.0,0.43509037075628304,0.12462749243173751,4.016245837989738
0.5,2,0.4,0.0,0.6,0.4838166358810826,0.23473107660510778,9.405159686881921
0.5,2,0.4,0.2,0.4,0.4461484849896557,0.1539498905156887,4.88091741642104
0.5,2,0.4,0.4,0.2,0.43509037075628304,0.12462749243173751,4.016245837989738
0.5,2,0.4,0.6,0.0,0.44055575404927705,0.11319711805490593,3.57657014015484
0.5,2,0.6,0.0,0.4,0.4398855140221861,0.17008594178728081,5.790931917684101
0.5,2,0.6,0.2,0.2,0.43509037075628304,0.12462749243173751,4.016245837989738
0.5,2,0.6,0.4,0.0,0.44055575404927705,0.11319711805490593,3.57657014015484
0.5,2,0.8,0.0,0.2,0.4205904923823128,0.11042295256914512,3.258502318751853
0.5,2,0.8,0.2,0.0,0.44055575404927705,0.11319711805490593,3.57657014015484
0.5,2,1.0,0.0,0.0,0.386624070666703,0.08439607273392347,2.6373095855515403
0.5,3,0.0,0.0,1.0,0.23702413621095947,0.052645984542503195,3.2457934300641575
0.5,3,0.0,0.2,0.8,0.15400387767994272,0.07475288186352945,2.137417243934231
0.5,3,0.0,0.4,0.6,0.15400387767994272,0.07475288186352945,2.137417243934231
0.5,3,0.0,0.6,0.4,0.15400387767994272,0.07475288186352945,2.137417243934231
0.5,3,0.0,0.8,0.2,0.15400387767994272,0.07475288186352945,2.137417243934231
0.5,3,0.0,1.0,0.0,0.26801657879425944,0.04799873033390058,4.168281877382359
0.5,3,0.2,0.0,0.8,0.5308278799455457,0.023197488464780276,1.295279421352531
0.5,3,0.2,0.2,0.6,0.5723505697668363,0.028428901891198406,2.041713293448634
0.5,3,0.2,0.4,0.4,0.5130048978281843,0.03122772472424751,1.9846851755583343
0.5,3,0.2,0.6,0.2,0.550555130721625,0.029626970532182904,1.9222141879073078
0.5,3,0.2,0.8,0.0,0.4999461732531388,0.029123012444105634,2.143677428244423
0.5,3,0.4,0.0,0.6,0.5308278799455457,0.023197488464780276,1.295279421352531
0.5,3,0.4,0.2,0.4,0.550555130721625,0.029626970532182904,1.9222141879073078
0.5,3,0.4,0.4,0.2,0.550555130721625,0.029626970532182904,1.9222141879073078
0.5,3,0.4,0.6,0.0,0.5247921755139624,0.03035559086270637,2.0088531229236692
0.5,3,0.6,0.0,0.4,0.5037500067589294,0.0420122426525643,3.7005563700643274
0.5,3,0.6,0.2,0.2,0.4999461732531388,0.029123012444105634,2.143677428244423
0.5,3,0.6,0.4,0.0,0.574206259967029,0.028316440182372657,1.755125555511596
0.5,3,0.8,0.0,0.2,0.5037500067589294,0.0420122426525643,3.7005563700643274
0.5,3,0.8,0.2,0.0,0.574206259967029,0.028316440182372657,1.755125555511596
0.5,3,1.0,0.0,0.0,0.4958027824170582,0.020980413365426543,1.3948667664559682
0.5,4,0.0,0.0,1.0,0.1718561283177406,0.14855329312866855,8.30485264021416
0.5,4,0.0,0.2,0.8,0.2696397499950887,0.16105015447440627,9.491848759772726
0.5,4,0.0,0.4,0.6,0.2696397499950887,0.16105015447440627,9.491848759772726
0.5,4,0.0,0.6,0.4,0.2696397499950887,0.16105015447440627,9.491848759772726
0.5,4,0.0,0.8,0.2,0.2696397499950887,0.16105015447440627,9.491848759772726
0.5,4,0.0,1.0,0.0,0.4545361475368928,0.17328239321115343,11.427544107535502
0.5,4,0.2,0.0,0.8,0.3474247735225462,0.1774934347161574,11.685700830852522
0.5,4,0.2,0.2,0.6,0.5534978582187698,0.20210328314273596,12.860920774702189
0.5,4,0.2,0.4,0.4,0.4342539095946088,0.18395898923823004,11.88596078902936
0.5,4,0.2,0.6,0.2,0.6234545308733516,0.11877873037094201,7.349678377634172
0.5,4,0.2,0.8,0.0,0.567840207299964,0.09910067763092016,6.524692329570405
0.5,4,0.4,0.0,0.6,0.36009000827785814,0.17304749767867936,11.558861432907088
0.5,4,0.4,0.2,0.4,0.6234545308733516,0.11877873037094201,7.349678377634172
0.5,4,0.4,0.4,0.2,0.5515200509724696,0.12583860038964834,7.6537648389455955
0.5,4,0.4,0.6,0.0,0.589974325207907,0.0740672227060665,4.2953754394429415
0.5,4,0.6,0.0,0.4,0.5680381606024593,0.11876089755328408,7.5518221171107225
0.5,4,0.6,0.2,0.2,0.5777644055060562,0.1621748854479371,10.339340393613744
0.5,4,0.6,0.4,0.0,0.589974325207907,0.0740672227060665,4.2953754394429415
0.5,4,0.8,0.0,0.2,0.5777644055060562,0.1621748854479371,10.339340393613744
0.5,4,0.8,0.2,0.0,0.589974325207907,0.0740672227060665,4.2953754394429415
0.5,4,1.0,0.0,0.0,0.567840207299964,0.0675655316622675,4.33768142679073
0.5,5,0.0,0.0,1.0,0.35265088469107697,0.23159929659464712,4.550426270039968
0.5,5,0.0,0.2,0.8,0.26864402113505526,0.2064391016307831,3.947380125379021
0.5,5,0.0,0.4,0.6,0.26864402113505526,0.2064391016307831,3.947380125379021
0.5,5,0.0,0.6,0.4,0.4970876074063774,0.20559399661942224,4.626222821894933
0.5,5,0.0,0.8,0.2,0.3370473768614913,0.19847523716304216,4.154301165544954
0.5,5,0.0,1.0,0.0,0.48451524991854333,0.2296978615458834,4.7364168812573215
0.5,5,0.2,0.0,0.8,0.5527668072499996,0.19495465979314272,4.05472973879829
0.5,5,0.2,0.2,0.6,0.5059222282509408,0.22403574801565293,4.093914486432027
0.5,5,0.2,0.4,0.4,0.5161448453826948,0.21298368236857437,3.8659553408775587
0.5,5,0.2,0.6,0.2,0.5763199427684922,0.17150807002733404,3.0251653151574187
0.5,5,0.2,0.8,0.0,0.6158874022529864,0.14539792059702425,3.081299041765799
0.5,5,0.4,0.0,0.6,0.6252960010905892,0.1514416626356476,3.317115583590632
0.5,5,0.4,0.2,0.4,0.5742335678754475,0.24445223828071402,4.697310165929935
0.5,5,0.4,0.4,0.2,0.6669685279869927,0.16315926051963225,3.73148932872983
0.5,5,0.4,0.6,0.0,0.6396505986664975,0.11773479746837318,2.735060951445123
0.5,5,0.6,0.0,0.4,0.6289044024838462,0.20035182349311986,3.7833830800611508
0.5,5,0.6,0.2,0.2,0.5774694156568055,0.1524858724838965,3.18925045927055
0.5,5,0.6,0.4,0.0,0.6396505986664975,0.11773479746837318,2.735060951445123
0.5,5,0.8,0.0,0.2,0.6128533204320223,0.1382298849200477,3.128254572838669
0.5,5,0.8,0.2,0.0,0.6396505986664975,0.11773479746837318,2.735060951445123
0.5,5,1.0,0.0,0.0,0.6819061188476886,0.10818607034940252,2.7303793114799295
0.5,6,0.0,0.0,1.0,0.3602087671440018,0.15598295969992673,7.12101330113658
0.5,6,0.0,0.2,0.8,0.2703957664446569,0.16853973433562514,7.225086192751337
0.5,6,0.0,0.4,0.6,0.2703957664446569,0.16853973433562514,7.225086192751337
0.5,6,0.0,0.6,0.4,0.2703957664446569,0.16853973433562514,7.225086192751337
0.5,6,0.0,0.8,0.2,0.2703957664446569,0.16853973433562514,7.225086192751337
0.5,6,0.0,1.0,0.0,0.25311578650376393,0.20646863017926073,9.758016196052534
0.5,6,0.2,0.0,0.8,0.40667909282561465,0.18822798079970451,8.801699877340173
0.5,6,0.2,0.2,0.6,0.37404146341377553,0.1994059746868539,9.40659956887418
0.5,6,0.2,0.4,0.4,0.35387630072866544,0.16594866737658864,8.393197004284344
0.5,6,0.2,0.6,0.2,0.34594466446817224,0.19519631307363197,8.819670720503451
0.5,6,0.2,0.8,0.0,0.43760363962580195,0.15996604429346672,7.985681604374439
0.5,6,0.4,0.0,0.6,0.3746458292134928,0.18560889609997866,8.00729502597721
0.5,6,0.4,0.2,0.4,0.4161243629283146,0.13982093467793794,6.1263317903536505
0.5,6,0.4,0.4,0.2,0.4610128086167934,0.14727598134060174,6.542892866489497
0.5,6,0.4,0.6,0.0,0.43760363962580195,0.15996604429346672,7.985681604374439
0.5,6,0.6,0.0,0.4,0.4537280322017634,0.19205974998345646,8.875108373374644
0.5,6,0.6,0.2,0.2,0.43760363962580195,0.15996604429346672,7.985681604374439
0.5,6,0.6,0.4,0.0,0.43760363962580195,0.15996604429346672,7.985681604374439
0.5,6,0.8,0.0,0.2,0.42215632938439107,0.1826026696198706,8.126829065825358
0.5,6,0.8,0.2,0.0,0.43760363962580195,0.15996604429346672,7.985681604374439
0.5,6,1.0,0.0,0.0,0.47626662279247445,0.09693819806491719,4.364016999036815
0.5,7,0.0,0.0,1.0,0.23691187895706664,0.20286700587511688,2.96352079447949
0.5,7,0.0,0.2,0.8,0.21402051149075424,0.21755871345287503,3.2383316665196396
0.5,7,0.0,0.4,0.6,0.21402051149075424,0.21755871345287503,3.2383316665196396
0.5,7,0.0,0.6,0.4,0.21402051149075424,0.21755871345287503,3.2383316665196396
0.5,7,0.0,0.8,0.2,0.21402051149075424,0.21755871345287503,3.2383316665196396
0.5,7,0.0,1.0,0.0,0.29797409010737674,0.20491886804045725,3.0910853722899705
0.5,7,0.2,0.0,0.8,0.4723779435470671,0.20473835439951488,2.4627056163480985
0.5,7,0.2,0.2,0.6,0.5285888483811971,0.2134144637608274,2.681286479072154
0.5,7,0.2,0.4,0.4,0.4178866252462587,0.2993000552089439,3.9824293140503144
0.5,7,0.2,0.6,0.2,0.4241771644652186,0.26657760066632513,4.203670402578491
0.5,7,0.2,0.8,0.0,0.3809793599357381,0.14865617456918848,1.6170406753025997
0.5,7,0.4,0.0,0.6,0.4001816209967801,0.30485037235483525,4.657956736452687
0.5,7,0.4,0.2,0.4,0.4241771644652186,0.26657760066632513,4.203670402578491
0.5,7,0.4,0.4,0.2,0.4241771644652186,0.26657760066632513,4.203670402578491
0.5,7,0.4,0.6,0.0,0.3809793599357381,0.14865617456918848,1.6170406753025997
0.5,7,0.6,0.0,0.4,0.4787991512114682,0.19124431614270032,2.68012439923347
0.5,7,0.6,0.2,0.2,0.3809793599357381,0.14865617456918848,1.6170406753025997
0.5,7,0.6,0.4,0.0,0.3809793599357381,0.14865617456918848,1.6170406753025997
0.5,7,0.8,0.0,0.2,0.46181548057849414,0.16356139936099798,2.387797753922846
0.5,7,0.8,0.2,0.0,0.3809793599357381,0.14865617456918848,1.6170406753025997
0.5,7,1.0,0.0,0.0,0.4095154833838909,0.14365263174202422,1.7680263562444114
0.5,8,0.0,0.0,1.0,0.2547887422663673,0.23263635554062964,13.315644110277209
0.5,8,0.0,0.2,0.8,0.1690573972549893,0.2481022214704516,9.235726841979563
0.5,8,0.0,0.4,0.6,0.1690573972549893,0.2481022214704516,9.235726841979563
0.5,8,0.0,0.6,0.4,0.1690573972549893,0.2481022214704516,9.235726841979563
0.5,8,0.0,0.8,0.2,0.1690573972549893,0.2481022214704516,9.235726841979563
0.5,8,0.0,1.0,0.0,0.1354180856140242,0.16333958252097264,11.321624938224016
0.5,8,0.2,0.0,0.8,0.27303549179497993,0.2402029482136768,7.695812555837492
0.5,8,0.2,0.2,0.6,0.20636699547887954,0.18883266874284926,11.686940741110725
0.5,8,0.2,0.4,0.4,0.34487501140865473,0.19186647434359042,11.244667882516678
0.5,8,0.2,0.6,0.2,0.48752529370600833,0.22824737674719467,12.691013492829699
0.5,8,0.2,0.8,0.0,0.39902738581530073,0.08644658966047136,3.679711929885535
0.5,8,0.4,0.0,0.6,0.365545085995552,0.1613647262065633,7.467465399841364
0.5,8,0.4,0.2,0.4,0.3720916170973143,0.17108629789982388,8.945085945664552
0.5,8,0.4,0.4,0.2,0.4275177669245521,0.09027437689091034,3.225226429968232
0.5,8,0.4,0.6,0.0,0.39902738581530073,0.08644658966047136,3.679711929885535
0.5,8,0.6,0.0,0.4,0.4195973920907134,0.09350453128268518,3.5920289163472234
0.5,8,0.6,0.2,0.2,0.4275177669245521,0.09027437689091034,3.225226429968232
0.5,8,0.6,0.4,0.0,0.46904906139827884,0.19918095789131327,11.16265848187913
0.5,8,0.8,0.0,0.2,0.4195973920907134,0.09350453128268518,3.5920289163472234
0.5,8,0.8,0.2,0.0,0.4453547275857962,0.11530545179209212,4.544557759211143
0.5,8,1.0,0.0,0.0,0.39507955592765454,0.08941752591744245,3.136331578352014
0.5,9,0.0,0.0,1.0,0.3682413455526695,0.14358384124976808,10.381969323509137
0.5,9,0.0,0.2,0.8,0.34165858088045536,0.136091395412567,10.549363171541604
0.5,9,0.0,0.4,0.6,0.34165858088045536,0.136091395412567,10.549363171541604
0.5,9,0.0,0.6,0.4,0.34165858088045536,0.136091395412567,10.549363171541604
0.5,9,0.0,0.8,0.2,0.24459864118910146,0.1390692690324171,9.769138607489236
0.5,9,0.0,1.0,0.0,0.24459864118910146,0.1390692690324171,9.769138607489236
0.5,9,0.2,0.0,0.8,0.5214071149579963,0.14763442110448172,10.890780030116575
0.5,9,0.2,0.2,0.6,0.45391895231892077,0.1354903510099859,9.707349436572121
0.5,9,0.2,0.4,0.4,0.5214071149579963,0.14763442110448172,10.890780030116575
0.5,9,0.2,0.6,0.2,0.45391895231892077,0.1354903510099859,9.707349436572121
0.5,9,0.2,0.8,0.0,0.5224749195353131,0.09465495420884572,6.647509752666354
0.5,9,0.4,0.0,0.6,0.4766006898687426,0.13378381397124883,9.573131094668463
0.5,9,0.4,0.2,0.4,0.45391895231892077,0.1354903510099859,9.707349436572121
0.5,9,0.4,0.4,0.2,0.5072891312564006,0.1422599192147373,10.557023669197829
0.5,9,0.4,0.6,0.0,0.5393408402472133,0.1512604726186076,11.84587305177557
0.5,9,0.6,0.0,0.4,0.49989340793476594,0.13774447210665186,10.613621395821237
0.5,9,0.6,0.2,0.2,0.5072891312564006,0.1422599192147373,10.557023669197829
0.5,9,0.6,0.4,0.0,0.5393408402472133,0.1512604726186076,11.84587305177557
0.5,9,0.8,0.0,0.2,0.4459785321288945,0.13298188132578365,10.18563272239096
0.5,9,0.8,0.2,0.0,0.5393408402472133,0.1512604726186076,11.84587305177557
0.5,9,1.0,0.0,0.0,0.44066459922228524,0.060905353361743596,4.2360585487925535
0.5,10,0.0,0.0,1.0,0.2704730110951482,0.23039788626952173,5.520940381432886
0.5,10,0.0,0.2,0.8,0.24495108896476253,0.20474086898979335,5.03562250666682
0.5,10,0.0,0.4,0.6,0.24495108896476253,0.20474086898979335,5.03562250666682
0.5,10,0.0,0.6,0.4,0.24495108896476253,0.20474086898979335,5.03562250666682
0.5,10,0.0,0.8,0.2,0.24495108896476253,0.20474086898979335,5.03562250666682
0.5,10,0.0,1.0,0.0,0.251312967576352,0.226882684567584,5.762506976464463
0.5,10,0.2,0.0,0.8,0.32745306269448904,0.2658633012225739,6.783925807944067
0.5,10,0.2,0.2,0.6,0.3321756915544794,0.3292357707618551,8.328480433465886
0.5,10,0.2,0.4,0.4,0.3782221956534345,0.26097035327629886,6.620445492382814
0.5,10,0.2,0.6,0.2,0.3851569369489158,0.2186087933793253,5.835694964049636
0.5,10,0.2,0.8,0.0,0.4737977643717599,0.18212699960384673,4.580945009260877
0.5,10,0.4,0.0,0.6,0.2652834719046576,0.21170252863750288,5.126099046618027
0.5,10,0.4,0.2,0.4,0.4449256133234602,0.20524331588993444,4.7359966379707625
0.5,10,0.4,0.4,0.2,0.4573204102675807,0.2035537510601125,5.189154052463404
0.5,10,0.4,0.6,0.0,0.4737977643717599,0.18212699960384673,4.580945009260877
0.5,10,0.6,0.0,0.4,0.3475750000372247,0.23597381071773688,5.910614331144947
0.5,10,0.6,0.2,0.2,0.4560848555121678,0.16834806686166942,4.059642103775058
0.5,10,0.6,0.4,0.0,0.4737977643717599,0.18212699960384673,4.580945009260877
0.5,10,0.8,0.0,0.2,0.4537925720279562,0.1557577634262694,3.714751901449424
0.5,10,0.8,0.2,0.0,0.4737977643717599,0.18212699960384673,4.580945009260877
0.5,10,1.0,0.0,0.0,0.4537925720279562,0.10448733518839382,2.484507513898084
0.5,11,0.0,0.0,1.0,0.26883383900762536,0.2065669862450664,9.055276208136073
0.5,11,0.0,0.2,0.8,0.28112371780148,0.1989234560700645,9.493880825933404
0.5,11,0.0,0.4,0.6,0.28112371780148,0.1989234560700645,9.493880825933404
0.5,11,0.0,0.6,0.4,0.28112371780148,0.1989234560700645,9.493880825933404
0.5,11,0.0,0.8,0.2,0.28112371780148,0.1989234560700645,9.493880825933404
0.5,11,0.0,1.0,0.0,0.26825429125256306,0.14848860831986363,8.116492268760016
0.5,11,0.2,0.0,0.8,0.43159646325535556,0.194081281568316,7.149600627987255
0.5,11,0.2,0.2,0.6,0.4575094946515583,0.20236956843484855,9.102462833747783
0.5,11,0.2,0.4,0.4,0.4269154280622212,0.16795343559624162,7.640133287752031
0.5,11,0.2,0.6,0.2,0.5179748657173977,0.1788360305879224,8.487610782682127
0.5,11,0.2,0.8,0.0,0.4867409769686034,0.17494781470127868,8.575147351400688
0.5,11,0.4,0.0,0.6,0.3946572998625116,0.1902166054952119,9.879513039701074
0.5,11,0.4,0.2,0.4,0.5179748657173977,0.1788360305879224,8.487610782682127
0.5,11,0.4,0.4,0.2,0.40109506591838767,0.24614532384928195,8.284742260551754
0.5,11,0.4,0.6,0.0,0.5073105924126573,0.14667542613021525,5.594636598344907
0.5,11,0.6,0.0,0.4,0.4500523324243604,0.20495738064173274,8.963350888711695
0.5,11,0.6,0.2,0.2,0.480102589972773,0.1583672994657937,7.9991814609243885
0.5,11,0.6,0.4,0.0,0.4524895785097459,0.17553891015781217,7.648653163467
0.5,11,0.8,0.0,0.2,0.47792729078077933,0.1375666879978729,5.138297310767085
0.5,11,0.8,0.2,0.0,0.4524895785097459,0.17553891015781217,7.648653163467
0.5,11,1.0,0.0,0.0,0.4384795176853157,0.09990239964582166,4.071527285019007
0.5,12,0.0,0.0,1.0,0.1593591528387747,0.1269096077059217,6.649828472694021
0.5,12,0.0,0.2,0.8,0.21521232478568675,0.12129565009172065,5.906848193550383
0.5,12,0.0,0.4,0.6,0.21521232478568675,0.12129565009172065,5.906848193550383
0.5,12,0.0,0.6,0.4,0.21521232478568675,0.12129565009172065,5.906848193550383
0.5,12,0.0,0.8,0.2,0.1579905416376884,0.11624605760872098,5.778393758786743
0.5,12,0.0,1.0,0.0,0.20223694563796119,0.11339591564885251,5.51022119139421
0.5,12,0.2,0.0,0.8,0.20797073274333605,0.11897834977761061,4.367801545571858
0.5,12,0.2,0.2,0.6,0.2799207817997597,0.11672912673415414,5.993668388605871
0.5,12,0.2,0.4,0.4,0.389801488163464,0.06482210541915048,2.460253141962128
0.5,12,0.2,0.6,0.2,0.4606444582496273,0.10798861263919103,5.284615423431795
0.5,12,0.2,0.8,0.0,0.4226115594178356,0.11029468263652127,5.256575629374095
0.5,12,0.4,0.0,0.6,0.3803380060682916,0.10693272888127762,6.180626291955053
0.5,12,0.4,0.2,0.4,0.37856920298381475,0.0723057906806942,1.9091291861036717
0.5,12,0.4,0.4,0.2,0.3483244097751669,0.11263155557992613,5.209103099572257
0.5,12,0.4,0.6,0.0,0.3673904782505051,0.10563384333764039,5.113484547550807
0.5,12,0.6,0.0,0.4,0.3702707657914339,0.07832507799352167,3.2093584027071467
0.5,12,0.6,0.2,0.2,0.42625456100406706,0.08660734060509197,3.6771137360654906
0.5,12,0.6,0.4,0.0,0.40728276302244193,0.07710602212275385,3.050755817587838
0.5,12,0.8,0.0,0.2,0.4143112107654895,0.04836867035296177,1.4794771942240836
0.5,12,0.8,0.2,0.0,0.38404874025443203,0.08719744580906194,2.137179329421427
0.5,12,1.0,0.0,0.0,0.3720119574495863,0.042281769575727664,1.2671069584939394
0.5,13,0.0,0.0,1.0,0.27575918949758127,0.16885358796983768,8.737766731432796
0.5,13,0.0,0.2,0.8,0.34092432297074504,0.18050032494362894,8.196641796710207
0.5,13,0.0,0.4,0.6,0.34092432297074504,0.18050032494362894,8.196641796710207
0.5,13,0.0,0.6,0.4,0.34092432297074504,0.18050032494362894,8.196641796710207
0.5,13,0.0,0.8,0.2,0.34092432297074504,0.18050032494362894,8.196641796710207
0.5,13,0.0,1.0,0.0,0.2911056789845834,0.23744530442359585,11.327830985614973
0.5,13,0.2,0.0,0.8,0.48014247736070514,0.2097424339307421,11.006588613156682
0.5,13,0.2,0.2,0.6,0.561537780001211,0.1441431016059895,7.559266221421157
0.5,13,0.2,0.4,0.4,0.5439366132813943,0.19873034256687835,10.4327129155996
0.5,13,0.2,0.6,0.2,0.5685827092081683,0.12044760162100052,6.647320770754784
0.5,13,0.2,0.8,0.0,0.565427188598942,0.11053448811148471,7.017791825138593
0.5,13,0.4,0.0,0.6,0.5730445549221687,0.14466732732194032,7.810143896020792
0.5,13,0.4,0.2,0.4,0.5466415789291457,0.1501305962519388,8.066507722423776
0.5,13,0.4,0.4,0.2,0.5686486914378871,0.13782168502702322,5.081343713974674
0.5,13,0.4,0.6,0.0,0.5764983101986283,0.12607423343789742,5.736742807698156
0.5,13,0.6,0.0,0.4,0.6204472828083528,0.10789388424013258,5.586703992117286
0.5,13,0.6,0.2,0.2,0.6120570056147189,0.12617428384036905,6.88732621155138
0.5,13,0.6,0.4,0.0,0.5764983101986283,0.12607423343789742,5.736742807698156
0.5,13,0.8,0.0,0.2,0.5500246169411145,0.09449770371875951,4.810478751673217
0.5,13,0.8,0.2,0.0,0.5764983101986283,0.12607423343789742,5.736742807698156
0.5,13,1.0,0.0,0.0,0.594328252915494,0.053867923499288276,2.495315734135566
0.5,14,0.0,0.0,1.0,0.4153614501818434,0.1587610469826562,16.11237749297292
0.5,14,0.0,0.2,0.8,0.27158512819740416,0.13531404260118907,14.480146975918583
0.5,14,0.0,0.4,0.6,0.27158512819740416,0.13531404260118907,14.480146975918583
0.5,14,0.0,0.6,0.4,0.2667197653378601,0.1451214447758778,15.981859314594908
0.5,14,0.0,0.8,0.2,0.2667197653378601,0.1451214447758778,15.981859314594908
0.5,14,0.0,1.0,0.0,0.23554719584771963,0.1448955195264854,15.983311219433977
0.5,14,0.2,0.0,0.8,0.39809864063412437,0.13226760708813878,13.815517154307381
0.5,14,0.2,0.2,0.6,0.349721654186527,0.10182783044977163,7.599923032521201
0.5,14,0.2,0.4,0.4,0.5275191755932893,0.0639531657770885,5.031722586250948
0.5,14,0.2,0.6,0.2,0.4083467807823459,0.10754784961430026,12.76328900492587
0.5,14,0.2,0.8,0.0,0.5407444949626796,0.06607880335643877,4.751468572970112
0.5,14,0.4,0.0,0.6,0.535124590502875,0.09024036261708321,7.203855718978298
0.5,14,0.4,0.2,0.4,0.4083467807823459,0.10754784961430026,12.76328900492587
0.5,14,0.4,0.4,0.2,0.49034938782528725,0.0742173685209743,6.072006919882647
0.5,14,0.4,0.6,0.0,0.5407444949626796,0.06607880335643877,4.751468572970112
0.5,14,0.6,0.0,0.4,0.5528925593064253,0.05414927604048115,3.7221899794649564
0.5,14,0.6,0.2,0.2,0.5407444949626796,0.06607880335643877,4.751468572970112
0.5,14,0.6,0.4,0.0,0.5407444949626796,0.06607880335643877,4.751468572970112
0.5,14,0.8,0.0,0.2,0.5017596689571759,0.13296565316353695,14.64842293465225
0.5,14,0.8,0.2,0.0,0.5407444949626796,0.06607880335643877,4.751468572970112
0.5,14,1.0,0.0,0.0,0.5224791897407501,0.034339706843274045,2.261041459809248
0.5,15,0.0,0.0,1.0,0.38703801690390105,0.21419078959071788,5.563930675488761
0.5,15,0.0,0.2,0.8,0.3526371507554216,0.2283038420981494,7.52771959153556
0.5,15,0.0,0.4,0.6,0.3526371507554216,0.2283038420981494,7.52771959153556
0.5,15,0.0,0.6,0.4,0.3526371507554216,0.2283038420981494,7.52771959153556
0.5,15,0.0,0.8,0.2,0.3526371507554216,0.2283038420981494,7.52771959153556
0.5,15,0.0,1.0,0.0,0.38327758773612886,0.1787060768570882,5.421112537554714
0.5,15,0.2,0.0,0.8,0.44873563899492214,0.23047407318495508,5.969586317386423
0.5,15,0.2,0.2,0.6,0.4509042064239851,0.25524659657028376,6.753618905722831
0.5,15,0.2,0.4,0.4,0.4509042064239851,0.25524659657028376,6.753618905722831
0.5,15,0.2,0.6,0.2,0.4727884110919086,0.17851815258048737,5.934627701032342
0.5,15,0.2,0.8,0.0,0.547665189024191,0.17182554875010575,5.762627952809629
0.5,15,0.4,0.0,0.6,0.451643451385357,0.24023223180981532,7.459692423440825
0.5,15,0.4,0.2,0.4,0.51438530720518,0.20369588263291266,6.085924957726018
0.5,15,0.4,0.4,0.2,0.4723750411899951,0.1514110513991237,4.46427594004115
0.5,15,0.4,0.6,0.0,0.547665189024191,0.17182554875010575,5.762627952809629
0.5,15,0.6,0.0,0.4,0.4723750411899951,0.1514110513991237,4.392644821288146
0.5,15,0.6,0.2,0.2,0.561197492803838,0.14466705645012173,4.281674339329223
0.5,15,0.6,0.4,0.0,0.547665189024191,0.17182554875010575,5.762627952809629
0.5,15,0.8,0.0,0.2,0.5699926065419363,0.15241793762967523,4.5065840331796725
0.5,15,0.8,0.2,0.0,0.547665189024191,0.17182554875010575,5.762627952809629
0.5,15,1.0,0.0,0.0,0.5554670025207981,0.0973078395531849,2.7147650531977283
0.5,16,0.0,0.0,1.0,0.26324403140395225,0.21777430672055434,10.86746958781536
0.5,16,0.0,0.2,0.8,0.27846936992943766,0.20201676086967565,9.925059509168245
0.5,16,0.0,0.4,0.6,0.3309317525678585,0.23677323582826273,11.864683610094412
0.5,16,0.0,0.6,0.4,0.4350703204951805,0.21202833046290562,11.714262666259383
0.5,16,0.0,0.8,0.2,0.4350703204951805,0.21202833046290562,11.714262666259383
0.5,16,0.0,1.0,0.0,0.4670971364114648,0.20293036733274167,11.10591694912399
0.5,16,0.2,0.0,0.8,0.3602111651882764,0.22371586366488894,11.587366334680912
0.5,16,0.2,0.2,0.6,0.47354613396924616,0.2407744587315399,12.111994086314123
0.5,16,0.2,0.4,0.4,0.5184541678392496,0.20238827808365203,11.069929255643778
0.5,16,0.2,0.6,0.2,0.46236660410238056,0.20149445896771423,10.343738850885748
0.5,16,0.2,0.8,0.0,0.5033029751937448,0.16370226069181754,8.480110086871388
0.5,16,0.4,0.0,0.6,0.4285218704106219,0.19058270618250686,8.678274419413635
0.5,16,0.4,0.2,0.4,0.4819622182810318,0.18910798971255854,10.227572686029983
0.5,16,0.4,0.4,0.2,0.497745186583911,0.2232809145726643,10.97203779431606
0.5,16,0.4,0.6,0.0,0.5379143254843942,0.17448867568732015,9.244325586048214
0.5,16,0.6,0.0,0.4,0.5398290839740825,0.20748978629096362,10.691685921959323
0.5,16,0.6,0.2,0.2,0.505061547810852,0.16236426561548725,8.395231757450293
0.5,16,0.6,0.4,0.0,0.5373050938911292,0.18711316481998766,9.810333261375218
0.5,16,0.8,0.0,0.2,0.4909466845201047,0.1334922804649285,6.86092559554408
0.5,16,0.8,0.2,0.0,0.5373050938911292,0.18711316481998766,9.810333261375218
0.5,16,1.0,0.0,0.0,0.5300116191787316,0.15580783652152147,7.71909955620811
0.5,17,0.0,0.0,1.0,0.1744785203420616,0.21385464146772312,5.291635893621461
0.5,17,0.0,0.2,0.8,0.23175733072531565,0.27194799519832047,8.034709676566857
0.5,17,0.0,0.4,0.6,0.23175733072531565,0.27194799519832047,8.034709676566857
0.5,17,0.0,0.6,0.4,0.23175733072531565,0.27194799519832047,8.034709676566857
0.5,17,0.0,0.8,0.2,0.23175733072531565,0.27194799519832047,8.034709676566857
0.5,17,0.0,1.0,0.0,0.15492069668945832,0.13492275787055677,5.570371321671379
0.5,17,0.2,0.0,0.8,0.44310128013044814,0.18592686709906908,5.523572217830513
0.5,17,0.2,0.2,0.6,0.3623043585620799,0.20727070117295635,6.079649529040838
0.5,17,0.2,0.4,0.4,0.3666676262176803,0.20921287772599298,6.683887686078881
0.5,17,0.2,0.6,0.2,0.5092682818623862,0.1777978362333926,5.034461146383814
0.5,17,0.2,0.8,0.0,0.4705107157474598,0.09377086705955828,2.9097390119820288
0.5,17,0.4,0.0,0.6,0.4033126723399949,0.17665257319667416,4.565048996492287
0.5,17,0.4,0.2,0.4,0.43885560790974215,0.1553380719285923,4.17606306763272
0.5,17,0.4,0.4,0.2,0.4180453491019402,0.17874688398585126,5.766686597005583
0.5,17,0.4,0.6,0.0,0.41735140753280586,0.16974620667959672,5.543958718456669
0.5,17,0.6,0.0,0.4,0.47371373776050696,0.16139335161550805,4.1764041432229835
0.5,17,0.6,0.2,0.2,0.5002136404797357,0.1693371676144178,4.623262114349375
0.5,17,0.6,0.4,0.0,0.3910334077984204,0.18698582893911564,4.572463592085016
0.5,17,0.8,0.0,0.2,0.4736684271859013,0.18498681138701403,5.40467575918036
0.5,17,0.8,0.2,0.0,0.3910334077984204,0.18698582893911564,4.572463592085016
0.5,17,1.0,0.0,0.0,0.506781496332555,0.05550375175618587,1.7280296265598345
0.5,18,0.0,0.0,1.0,0.16254467271807022,0.07834191783490058,6.463625860827548
0.5,18,0.0,0.2,0.8,0.16425228343441822,0.0625496221371073,6.494407764595242
0.5,18,0.0,0.4,0.6,0.16425228343441822,0.0625496221371073,6.494407764595242
0.5,18,0.0,0.6,0.4,0.15346891703513424,0.10765299224478014,12.235950117664839
0.5,18,0.0,0.8,0.2,0.11872418182748168,0.11554686490747025,12.259402710621282
0.5,18,0.0,1.0,0.0,0.09456197227114782,0.1010047950564723,11.926688630698107
0.5,18,0.2,0.0,0.8,0.15961458850206384,0.0994007821169011,11.326894603621193
0.5,18,0.2,0.2,0.6,0.31267324514426026,0.040273970490032875,4.66968097211447
0.5,18,0.2,0.4,0.4,0.22625637086204559,0.05885203538686365,6.0957803287436745
0.5,18,0.2,0.6,0.2,0.31637194950456293,0.033111364360064795,3.738816457164628
0.5,18,0.2,0.8,0.0,0.3106093520095307,0.020273933007627296,1.9039693971949714
0.5,18,0.4,0.0,0.6,0.31267324514426026,0.040273970490032875,4.66968097211447
0.5,18,0.4,0.2,0.4,0.32863107891950427,0.042632767586022115,4.8707792279121795
0.5,18,0.4,0.4,0.2,0.39355713380269897,0.04223504102745748,4.5160816162151765
0.5,18,0.4,0.6,0.0,0.3106093520095307,0.020273933007627296,1.9039693971949714
0.5,18,0.6,0.0,0.4,0.2645567625839224,0.044469226946738036,4.570025767517461
0.5,18,0.6,0.2,0.2,0.3106093520095307,0.020273933007627296,1.9039693971949714
0.5,18,0.6,0.4,0.0,0.3106093520095307,0.020273933007627296,1.9039693971949714
0.5,18,0.8,0.0,0.2,0.2654134867966183,0.019962599564305492,1.6261168588387966
0.5,18,0.8,0.2,0.0,0.3106093520095307,0.020273933007627296,1.9039693971949714
0.5,18,1.0,0.0,0.0,0.3445292920179199,0.015658722503687272,1.5056481140491544
0.5,19,0.0,0.0,1.0,0.31929911240948716,0.1900519834035037,5.857486436860813
0.5,19,0.0,0.2,0.8,0.4262400965789791,0.19551188394738472,6.185945228203085
0.5,19,0.0,0.4,0.6,0.4262400965789791,0.19551188394738472,6.185945228203085
0.5,19,0.0,0.6,0.4,0.4262400965789791,0.19551188394738472,6.185945228203085
0.5,19,0.0,0.8,0.2,0.4262400965789791,0.19551188394738472,6.185945228203085
0.5,19,0.0,1.0,0.0,0.38875199481203704,0.17625939674106214,6.2240319767018555
0.5,19,0.2,0.0,0.8,0.28605259974647257,0.17499872232281244,4.4489085906796735
0.5,19,0.2,0.2,0.6,0.3123940327188212,0.2006528560236232,6.875133833171708
0.5,19,0.2,0.4,0.4,0.372694622549418,0.1775391115071047,5.838750012574929
0.5,19,0.2,0.6,0.2,0.474633856351611,0.16342621015884512,5.575271360495352
0.5,19,0.2,0.8,0.0,0.4706719175526993,0.10762220950207095,2.7458265060304834
0.5,19,0.4,0.0,0.6,0.43720264151261345,0.12070096952267542,3.3691397151323366
0.5,19,0.4,0.2,0.4,0.474633856351611,0.16342621015884512,5.575271360495352
0.5,19,0.4,0.4,0.2,0.474633856351611,0.16342621015884512,5.575271360495352
0.5,19,0.4,0.6,0.0,0.4855137927426957,0.12528821698386713,3.168771183748637
0.5,19,0.6,0.0,0.4,0.43720264151261345,0.12070096952267542,3.3691397151323366
0.5,19,0.6,0.2,0.2,0.4509630129789809,0.13471855748401845,4.082781437955139
0.5,19,0.6,0.4,0.0,0.4855137927426957,0.12528821698386713,3.168771183748637
0.5,19,0.8,0.0,0.2,0.43720264151261345,0.12070096952267542,3.3691397151323366
0.5,19,0.8,0.2,0.0,0.4855137927426957,0.12528821698386713,3.168771183748637
0.5,19,1.0,0.0,0.0,0.43720264151261345,0.10764692185569733,2.984312126484581
0.5,20,0.0,0.0,1.0,0.2614085519845283,0.23921656487597595,8.594137316162382
0.5,20,0.0,0.2,0.8,0.2789751131665808,0.24333116858973955,9.204975423342425
0.5,20,0.0,0.4,0.6,0.2789751131665808,0.24333116858973955,9.204975423342425
0.5,20,0.0,0.6,0.4,0.2789751131665808,0.24333116858973955,9.204975423342425
0.5,20,0.0,0.8,0.2,0.3216002690697022,0.26732384223803735,10.525414305444766
0.5,20,0.0,1.0,0.0,0.4735117833550369,0.27401378778727603,9.993473879360694
0.5,20,0.2,0.0,0.8,0.41259114884485165,0.2576357206010671,9.178534849411998
0.5,20,0.2,0.2,0.6,0.46161445232943404,0.2778196581824981,8.842674937133864
0.5,20,0.2,0.4,0.4,0.528936577591274,0.2818367761409323,9.131838587801932
0.5,20,0.2,0.6,0.2,0.5100030722138549,0.2436346861548557,7.595726626903151
0.5,20,0.2,0.8,0.0,0.4764544103343223,0.24629957005441142,8.242849153246933
0.5,20,0.4,0.0,0.6,0.41786264149080676,0.2706824972665085,8.973738296650549
0.5,20,0.4,0.2,0.4,0.4823616370649388,0.2531309819446663,8.361425616628313
0.5,20,0.4,0.4,0.2,0.4324238492216576,0.25065433320105895,7.773433003969723
0.5,20,0.4,0.6,0.0,0.4696084089213768,0.1377702567826858,4.69591829781602
0.5,20,0.6,0.0,0.4,0.4510930096466786,0.20655686563857378,8.06170083251859
0.5,20,0.6,0.2,0.2,0.42337694216210453,0.18343385609088966,6.243909087831093
0.5,20,0.6,0.4,0.0,0.48912510578919877,0.12970812538344018,5.214271421037358
0.5,20,0.8,0.0,0.2,0.5618204728538106,0.221921015817349,7.901881660913882
0.5,20,0.8,0.2,0.0,0.45984788779772046,0.09841189109953077,2.971263595682721
0.5,20,1.0,0.0,0.0,0.44105854110221693,0.06458903155872286,2.057058805110363
0.5,21,0.0,0.0,1.0,0.1703776858972545,0.1410908022710222,5.812584497766336
0.5,21,0.0,0.2,0.8,0.19098878878580625,0.15541252628758292,6.407706889461399
0.5,21,0.0,0.4,0.6,0.19098878878580625,0.15541252628758292,6.407706889461399
0.5,21,0.0,0.6,0.4,0.19098878878580625,0.15541252628758292,6.407706889461399
0.5,21,0.0,0.8,0.2,0.28646561051408115,0.16190984325212518,7.749092049663747
0.5,21,0.0,1.0,0.0,0.20825718692727468,0.15455066824180416,7.184841933244168
0.5,21,0.2,0.0,0.8,0.45235882244541026,0.15225704323809072,6.290000188146987
0.5,21,0.2,0.2,0.6,0.4456438636500205,0.12812701094091883,6.0318569004982505
0.5,21,0.2,0.4,0.4,0.41935153829617516,0.14125519356395516,7.015365987162008
0.5,21,0.2,0.6,0.2,0.4751844092834987,0.11210463835494461,5.4416479515753675
0.5,21,0.2,0.8,0.0,0.48036026813828336,0.10218978859286777,4.836114987340183
0.5,21,0.4,0.0,0.6,0.5419743702804038,0.1321767622288138,6.087367154181425
0.5,21,0.4,0.2,0.4,0.45439543698450374,0.14211984321161109,7.177576793306848
0.5,21,0.4,0.4,0.2,0.4913388867363525,0.09781282181294555,4.596135231829178
0.5,21,0.4,0.6,0.0,0.48614239949109805,0.12138447971623548,5.870919939267095
0.5,21,0.6,0.0,0.4,0.49215593360202153,0.11659653197721083,5.062546677518266
0.5,21,0.6,0.2,0.2,0.5239785799298888,0.13441248980716627,6.701050521241325
0.5,21,0.6,0.4,0.0,0.48614239949109805,0.12138447971623548,5.870919939267095
0.5,21,0.8,0.0,0.2,0.4990795006281362,0.11798655069808561,5.140497191958241
0.5,21,0.8,0.2,0.0,0.48614239949109805,0.12138447971623548,5.870919939267095
0.5,21,1.0,0.0,0.0,0.5135921327119444,0.056528972509919215,2.727237404837002
0.5,22,0.0,0.0,1.0,0.16650144335967576,0.10750278980360767,5.924791025214413
0.5,22,0.0,0.2,0.8,0.19964401503280654,0.11790369241061502,6.581868509611022
0.5,22,0.0,0.4,0.6,0.19964401503280654,0.11790369241061502,6.581868509611022
0.5,22,0.0,0.6,0.4,0.19964401503280654,0.11790369241061502,6.581868509611022
0.5,22,0.0,0.8,0.2,0.16077568972358053,0.11570291776895338,7.295307723116762
0.5,22,0.0,1.0,0.0,0.12439200384887614,0.11268670378961188,6.38417294809921
0.5,22,0.2,0.0,0.8,0.24184401958936258,0.14827236460513366,8.979395740087915
0.5,22,0.2,0.2,0.6,0.2531061801433757,0.1737428052512183,9.810168054050187
0.5,22,0.2,0.4,0.4,0.3359420105414152,0.10672021165730668,6.166224101092888
0.5,22,0.2,0.6,0.2,0.2531061801433757,0.1737428052512183,9.810168054050187
0.5,22,0.2,0.8,0.0,0.3416113114443603,0.08688874885465225,5.611951851627039
0.5,22,0.4,0.0,0.6,0.3359420105414152,0.10672021165730668,6.166224101092888
0.5,22,0.4,0.2,0.4,0.40796421653165565,0.09605701206501645,6.449451653045533
0.5,22,0.4,0.4,0.2,0.3173991039105466,0.09746636716127953,6.428083566887002
0.5,22,0.4,0.6,0.0,0.3416113114443603,0.08688874885465225,5.611951851627039
0.5,22,0.6,0.0,0.4,0.3381891288043183,0.1737428052512183,9.743131638913889
0.5,22,0.6,0.2,0.2,0.3133546882012953,0.03886324900796842,2.674080551057004
0.5,22,0.6,0.4,0.0,0.3416113114443603,0.08688874885465225,5.611951851627039
0.5,22,0.8,0.0,0.2,0.2820425270737344,0.06420525108804372,4.6433202177014055
0.5,22,0.8,0.2,0.0,0.3416113114443603,0.08688874885465225,5.611951851627039
0.5,22,1.0,0.0,0.0,0.3416113114443603,0.05349905501233261,3.2478634332242335
0.5,23,0.0,0.0,1.0,0.3180740251167849,0.1471984941820207,4.455083935127538
0.5,23,0.0,0.2,0.8,0.3026517481683026,0.18692578832806467,8.638828137639202
0.5,23,0.0,0.4,0.6,0.3026517481683026,0.18692578832806467,8.638828137639202
0.5,23,0.0,0.6,0.4,0.3026517481683026,0.18692578832806467,8.638828137639202
0.5,23,0.0,0.8,0.2,0.27544100737851335,0.2615044621382349,10.24098247648961
0.5,23,0.0,1.0,0.0,0.25246068491848417,0.14964102401804452,7.327941675622438
0.5,23,0.2,0.0,0.8,0.49920723986984983,0.11749848586291281,3.825413587713676
0.5,23,0.2,0.2,0.6,0.28132282205822273,0.24876137398846815,10.649453739738194
0.5,23,0.2,0.4,0.4,0.4895814316569857,0.127638465206893,4.604839952650639
0.5,23,0.2,0.6,0.2,0.6409563039933867,0.15088094945882405,7.328816426831857
0.5,23,0.2,0.8,0.0,0.556382925325443,0.08304966612694686,4.467019729503252
0.5,23,0.4,0.0,0.6,0.3449765059813208,0.2640807309910539,12.702025913283794
0.5,23,0.4,0.2,0.4,0.4508498935486062,0.2435801741640892,11.124044373396034
0.5,23,0.4,0.4,0.2,0.46999193931461136,0.14957605498520368,7.0608208275799385
0.5,23,0.4,0.6,0.0,0.556382925325443,0.08304966612694686,4.467019729503252
0.5,23,0.6,0.0,0.4,0.5141760330154825,0.0588253576858225,2.800100923669736
0.5,23,0.6,0.2,0.2,0.5532359490323733,0.07941258960369323,3.479733630136645
0.5,23,0.6,0.4,0.0,0.556382925325443,0.08304966612694686,4.467019729503252
0.5,23,0.8,0.0,0.2,0.5179705376371994,0.05904050885314225,2.7155183594817744
0.5,23,0.8,0.2,0.0,0.556382925325443,0.08304966612694686,4.467019729503252
0.5,23,1.0,0.0,0.0,0.5400016067362337,0.053210331538725134,2.2280265041606446
4.0,0,0.0,0.0,1.0,0.9,0.4361287676002834,9.482400329502699
4.0,0,0.0,0.2,0.8,0.8,0.43689476609706696,10.156434912730152
4.0,0,0.0,0.4,0.6,0.8,0.43689476609706696,10.156434912730152
4.0,0,0.0,0.6,0.4,0.9,0.44259984202690156,13.00039372203307
4.0,0,0.0,0.8,0.2,0.7,0.42198217206932287,12.610842714923757
4.0,0,0.0,1.0,0.0,0.7828843247409079,0.39620608196453333,13.284827457324429
4.0,0,0.2,0.0,0.8,0.9,0.4361287676002834,9.482400329502699
4.0,0,0.2,0.2,0.6,0.85,0.4611719399719175,11.059289266250513
4.0,0,0.2,0.4,0.4,0.85,0.4611719399719175,11.059289266250513
4.0,0,0.2,0.6,0.2,0.9,0.4387527309522443,12.823070655642095
4.0,0,0.2,0.8,0.0,0.9,0.3933716540518988,11.082932733577547
4.0,0,0.4,0.0,0.6,0.9,0.3731131553817257,8.495435390848474
4.0,0,0.4,0.2,0.4,0.9,0.4387527309522443,12.823070655642095
4.0,0,0.4,0.4,0.2,0.8702572636501239,0.41383189144422206,10.582129231693079
4.0,0,0.4,0.6,0.0,0.9,0.3933716540518988,11.082932733577547
4.0,0,0.6,0.0,0.4,0.9,0.3805979339720738,8.593304275364591
4.0,0,0.6,0.2,0.2,0.8988416419320217,0.36138581087422467,8.964142530746612
4.0,0,0.6,0.4,0.0,0.9,0.3933716540518988,11.082932733577547
4.0,0,0.8,0.0,0.2,0.9,0.37056756083360753,8.36717314413858
4.0,0,0.8,0.2,0.0,0.9,0.3933716540518988,11.082932733577547
4.0,0,1.0,0.0,0.0,0.9,0.25921876586076675,6.728342186549942
4.0,1,0.0,0.0,1.0,0.85,0.3523975528030756,10.35233543751934
4.0,1,0.0,0.2,0.8,0.75,0.33917626602944734,10.37110686899989
4.0,1,0.0,0.4,0.6,0.75,0.33917626602944734,10.37110686899989
4.0,1,0.0,0.6,0.4,0.75,0.33917626602944734,10.37110686899989
4.0,1,0.0,0.8,0.2,0.85,0.35163026403092695,11.722023554038424
4.0,1,0.0,1.0,0.0,0.85,0.347023440448352,12.809992219461837
4.0,1,0.2,0.0,0.8,0.85,0.3543995111181842,9.81463792500724
4.0,1,0.2,0.2,0.6,0.85,0.35065799882450965,9.78027910849342
4.0,1,0.2,0.4,0.4,0.85,0.35065799882450965,9.78027910849342
4.0,1,0.2,0.6,0.2,0.85,0.35065799882450965,9.78027910849342
4.0,1,0.2,0.8,0.0,0.9,0.3056711026243912,8.42521387994879
4.0,1,0.4,0.0,0.6,0.85,0.3543995111181842,9.81463792500724
4.0,1,0.4,0.2,0.4,0.9,0.3056711026243912,8.42521387994879
4.0,1,0.4,0.4,0.2,0.9,0.3056711026243912,8.42521387994879
4.0,1,0.4,0.6,0.0,0.9,0.3056711026243912,8.42521387994879
4.0,1,0.6,0.0,0.4,0.9,0.3056711026243912,8.42521387994879
4.0,1,0.6,0.2,0.2,0.9,0.3056711026243912,8.42521387994879
4.0,1,0.6,0.4,0.0,0.9,0.3056711026243912,8.42521387994879
4.0,1,0.8,0.0,0.2,0.9,0.3056711026243912,8.42521387994879
4.0,1,0.8,0.2,0.0,0.9,0.3056711026243912,8.42521387994879
4.0,1,1.0,0.0,0.0,0.9,0.24703000124019153,6.705045394465628
4.0,2,0.0,0.0,1.0,0.9,0.5333486543838076,12.537552938285064
4.0,2,0.0,0.2,0.8,0.7269463793482458,0.5140552697698946,12.312583903929115
4.0,2,0.0,0.4,0.6,0.7269463793482458,0.5140552697698946,12.312583903929115
4.0,2,0.0,0.6,0.4,0.65,0.4884646738419445,18.2295669056112
4.0,2,0.0,0.8,0.2,0.65,0.4884646738419445,18.2295669056112
4.0,2,0.0,1.0,0.0,0.6,0.39246089334332246,14.80954083231506
4.0,2,0.2,0.0,0.8,0.9,0.4757247092601695,11.779853709235365
4.0,2,0.2,0.2,0.6,0.8467370237130754,0.45827039229337085,13.394870129629691
4.0,2,0.2,0.4,0.4,0.885666744687599,0.4632724894835483,14.875421720470195
4.0,2,0.2,0.6,0.2,0.7987721398219706,0.46986655639209035,12.99227473550518
4.0,2,0.2,0.8,0.0,0.8823285683226594,0.39128726284156734,8.138074257282721
4.0,2,0.4,0.0,0.6,0.8747060990138673,0.4056726819857094,14.213358121670808
4.0,2,0.4,0.2,0.4,0.9,0.3628303206300289,12.771797147377733
4.0,2,0.4,0.4,0.2,0.9,0.3628303206300289,12.771797147377733
4.0,2,0.4,0.6,0.0,0.95,0.5075865990209009,19.684680532218415
4.0,2,0.6,0.0,0.4,0.9,0.4100217636838739,15.259046381757546
4.0,2,0.6,0.2,0.2,0.885666744687599,0.51436862103967,17.076144922657612
4.0,2,0.6,0.4,0.0,0.85,0.4659043145497948,13.598656537881979
4.0,2,0.8,0.0,0.2,0.8747060990138673,0.4110208787591024,10.93462539959507
4.0,2,0.8,0.2,0.0,0.85,0.4659043145497948,13.598656537881979
4.0,2,1.0,0.0,0.0,0.930381839343719,0.31685840749705235,7.475285529742422
4.0,3,0.0,0.0,1.0,0.5658808461968341,0.6319328884445777,21.154855595202786
4.0,3,0.0,0.2,0.8,0.33445632932070823,0.2786203639333427,19.936184764529145
4.0,3,0.0,0.4,0.6,0.33445632932070823,0.2786203639333427,19.936184764529145
4.0,3,0.0,0.6,0.4,0.33445632932070823,0.2786203639333427,19.936184764529145
4.0,3,0.0,0.8,0.2,0.33445632932070823,0.2786203639333427,19.936184764529145
4.0,3,0.0,1.0,0.0,0.43858064556326887,0.32187022993802006,26.978286913885444
4.0,3,0.2,0.0,0.8,0.46961849301499325,0.6158033311075741,18.173584695337038
4.0,3,0.2,0.2,0.6,0.6994241261535695,0.6317234070978133,20.906332216378782
4.0,3,0.2,0.4,0.4,0.6994241261535695,0.6317234070978133,20.906332216378782
4.0,3,0.2,0.6,0.2,0.8131561058506456,0.21881995620227915,24.780631672197288
4.0,3,0.2,0.8,0.0,0.8205816655526226,0.2985597574062496,26.6814807395783
4.0,3,0.4,0.0,0.6,0.3721110471669712,0.6038354270845605,16.270330313699212
4.0,3,0.4,0.2,0.4,0.7251340887084096,0.2955688020013055,20.221784190942195
4.0,3,0.4,0.4,0.2,0.8131561058506456,0.21881995620227915,24.780631672197288
4.0,3,0.4,0.6,0.0,0.8205816655526226,0.2985597574062496,26.6814807395783
4.0,3,0.6,0.0,0.4,0.7675076252940609,0.15356917721762098,10.197412732678856
4.0,3,0.6,0.2,0.2,0.7920872966573387,0.1913799597965065,18.144098814734434
4.0,3,0.6,0.4,0.0,0.8205816655526226,0.2985597574062496,26.6814807395783
4.0,3,0.8,0.0,0.2,0.7259872204733254,0.13187227159314638,6.230268195936542
4.0,3,0.8,0.2,0.0,0.8205816655526226,0.2985597574062496,26.6814807395783
4.0,3,1.0,0.0,0.0,0.7826589361762073,0.0607622400529519,4.392357278265788
4.0,4,0.0,0.0,1.0,0.9,0.5101488131548999,27.933001779513823
4.0,4,0.0,0.2,0.8,0.9,0.5230830693553209,34.46736699258782
4.0,4,0.0,0.4,0.6,0.9,0.5230830693553209,34.46736699258782
4.0,4,0.0,0.6,0.4,0.9,0.5311628724429208,34.14722055071181
4.0,4,0.0,0.8,0.2,0.9,0.5311628724429208,34.14722055071181
4.0,4,0.0,1.0,0.0,0.85,0.5345427541898543,37.73652909736953
4.0,4,0.2,0.0,0.8,0.85,0.5245472893270751,36.751414914353695
4.0,4,0.2,0.2,0.6,0.95,0.536953043717228,31.994745360703796
4.0,4,0.2,0.4,0.4,0.8,0.49123921467590875,28.350147034871092
4.0,4,0.2,0.6,0.2,0.95,0.536953043717228,31.994745360703796
4.0,4,0.2,0.8,0.0,0.95,0.4009324870963933,26.574829188517548
4.0,4,0.4,0.0,0.6,0.8,0.5213359478135795,29.558903277552673
4.0,4,0.4,0.2,0.4,0.85,0.48621078280955826,32.47327635781342
4.0,4,0.4,0.4,0.2,0.9,0.519583088296657,33.96164431327243
4.0,4,0.4,0.6,0.0,0.95,0.4009324870963933,26.574829188517548
4.0,4,0.6,0.0,0.4,0.95,0.4079018124247515,19.35729722263554
4.0,4,0.6,0.2,0.2,0.9,0.519583088296657,33.96164431327243
4.0,4,0.6,0.4,0.0,0.95,0.31337077150093695,23.754724621074224
4.0,4,0.8,0.0,0.2,0.95,0.4075938580247242,19.49720697099532
4.0,4,0.8,0.2,0.0,0.95,0.31337077150093695,23.754724621074224
4.0,4,1.0,0.0,0.0,0.95,0.26239901255237646,14.066321109445974
4.0,5,0.0,0.0,1.0,0.9,0.6512221623723972,13.798015685380358
4.0,5,0.0,0.2,0.8,0.9,0.6158311717259017,11.749928127981097
4.0,5,0.0,0.4,0.6,0.9,0.6158311717259017,11.749928127981097
4.0,5,0.0,0.6,0.4,0.9,0.6158311717259017,11.749928127981097
4.0,5,0.0,0.8,0.2,1.0,0.6576447120511754,15.280419270836338
4.0,5,0.0,1.0,0.0,0.8954760786345899,0.554148253462717,13.27540875418091
4.0,5,0.2,0.0,0.8,0.95,0.6088622201195737,9.919241135248491
4.0,5,0.2,0.2,0.6,0.95,0.6197550791634558,9.521184625311019
4.0,5,0.2,0.4,0.4,1.0,0.6576447120511754,15.280419270836338
4.0,5,0.2,0.6,0.2,1.0,0.6576447120511754,15.280419270836338
4.0,5,0.2,0.8,0.0,1.0,0.637522195384407,15.413254698426176
4.0,5,0.4,0.0,0.6,0.95,0.6088622201195737,9.919241135248491
4.0,5,0.4,0.2,0.4,1.0,0.6576447120511754,15.280419270836338
4.0,5,0.4,0.4,0.2,1.0,0.5465220951128755,9.125589789970437
4.0,5,0.4,0.6,0.0,1.0,0.637522195384407,15.413254698426176
4.0,5,0.6,0.0,0.4,1.0,0.5749348961852866,13.943393221358463
4.0,5,0.6,0.2,0.2,1.0,0.6060041249037905,13.094332730265975
4.0,5,0.6,0.4,0.0,1.0,0.637522195384407,15.413254698426176
4.0,5,0.8,0.0,0.2,1.0,0.6066527210767588,14.445608390017195
4.0,5,0.8,0.2,0.0,1.0,0.637522195384407,15.413254698426176
4.0,5,1.0,0.0,0.0,1.0,0.37721526122425675,7.884815947694115
4.0,6,0.0,0.0,1.0,0.7838841419701913,0.47856717467746973,20.23148619845255
4.0,6,0.0,0.2,0.8,0.7276321451164558,0.5297100885728067,24.22402973793157
4.0,6,0.0,0.4,0.6,0.7276321451164558,0.5297100885728067,24.22402973793157
4.0,6,0.0,0.6,0.4,0.7276321451164558,0.5297100885728067,24.22402973793157
4.0,6,0.0,0.8,0.2,0.7030323260358143,0.5067115129436855,23.495882797781782
4.0,6,0.0,1.0,0.0,0.7030323260358143,0.5067115129436855,23.495882797781782
4.0,6,0.2,0.0,0.8,0.7976731115705651,0.5105190311337183,20.327746348277053
4.0,6,0.2,0.2,0.6,0.8448972712091853,0.49610246842405353,20.8448026045281
4.0,6,0.2,0.4,0.4,0.8448972712091853,0.4912548750764632,21.840629814688878
4.0,6,0.2,0.6,0.2,0.7976731115705651,0.49267686994398985,21.145045246286227
4.0,6,0.2,0.8,0.0,0.85,0.43048306217324234,20.761311249615694
4.0,6,0.4,0.0,0.6,0.8298545668837148,0.4661520572735529,19.212490838801465
4.0,6,0.4,0.2,0.4,0.7976731115705651,0.49267686994398985,21.145045246286227
4.0,6,0.4,0.4,0.2,0.85,0.5092288792614557,22.932436656991207
4.0,6,0.4,0.6,0.0,0.8324521423781535,0.4612161395332234,22.384863453004023
4.0,6,0.6,0.0,0.4,0.8299665152645531,0.4607244857108037,19.841096334566206
4.0,6,0.6,0.2,0.2,0.85,0.5117279669362234,22.868271375377205
4.0,6,0.6,0.4,0.0,0.8324521423781535,0.4612161395332234,22.384863453004023
4.0,6,0.8,0.0,0.2,0.85,0.5006712182133062,21.75331989037685
4.0,6,0.8,0.2,0.0,0.8324521423781535,0.4612161395332234,22.384863453004023
4.0,6,1.0,0.0,0.0,0.8303266295206457,0.2789927957227248,12.260230575213695
4.0,7,0.0,0.0,1.0,0.65,0.47256358213452715,6.1063978751267864
4.0,7,0.0,0.2,0.8,0.65,0.47686447935710496,8.055778128458561
4.0,7,0.0,0.4,0.6,0.65,0.47686447935710496,8.055778128458561
4.0,7,0.0,0.6,0.4,0.65,0.47686447935710496,8.055778128458561
4.0,7,0.0,0.8,0.2,0.65,0.47686447935710496,8.055778128458561
4.0,7,0.0,1.0,0.0,0.5493668865660589,0.42204688043683886,6.983075717448377
4.0,7,0.2,0.0,0.8,0.6993668865660589,0.4667201830864235,7.1571653683202925
4.0,7,0.2,0.2,0.6,0.75,0.4930296377881821,6.6900710295190295
4.0,7,0.2,0.4,0.4,0.75,0.4930296377881821,6.6900710295190295
4.0,7,0.2,0.6,0.2,0.7,0.488629768704193,7.381166621638944
4.0,7,0.2,0.8,0.0,0.75,0.4526964332117621,6.259927283915653
4.0,7,0.4,0.0,0.6,0.75,0.5051624269168206,6.837856490319048
4.0,7,0.4,0.2,0.4,0.694462989117511,0.4779832615058451,6.099326487909166
4.0,7,0.4,0.4,0.2,0.7616874141271637,0.3882638258491654,4.460367122561139
4.0,7,0.4,0.6,0.0,0.7727821709184389,0.3841823696294373,4.479038624639499
4.0,7,0.6,0.0,0.4,0.75,0.5051624269168206,6.837856490319048
4.0,7,0.6,0.2,0.2,0.7616874141271637,0.3882638258491654,4.460367122561139
4.0,7,0.6,0.4,0.0,0.7727821709184389,0.3841823696294373,4.479038624639499
4.0,7,0.8,0.0,0.2,0.75,0.5051624269168206,6.837856490319048
4.0,7,0.8,0.2,0.0,0.7727821709184389,0.3841823696294373,4.479038624639499
4.0,7,1.0,0.0,0.0,0.7268807292172876,0.3586826100316982,4.6258092899409755
4.0,8,0.0,0.0,1.0,0.6527823955980854,0.45265261719738653,21.997012695655812
4.0,8,0.0,0.2,0.8,0.7452255214554359,0.4197077337026471,19.605983621772268
4.0,8,0.0,0.4,0.6,0.7452255214554359,0.4197077337026471,19.605983621772268
4.0,8,0.0,0.6,0.4,0.65,0.48220683275801,19.365143685920234
4.0,8,0.0,0.8,0.2,0.65,0.48220683275801,19.365143685920234
4.0,8,0.0,1.0,0.0,0.5988750467657512,0.4413660594729185,24.020207925715198
4.0,8,0.2,0.0,0.8,0.7,0.4760392718160086,21.26760738315031
4.0,8,0.2,0.2,0.6,0.7,0.4492657947965854,22.50935038366645
4.0,8,0.2,0.4,0.4,0.7,0.4492657947965854,22.50935038366645
4.0,8,0.2,0.6,0.2,0.7989812474354723,0.3657784653726762,12.523881354837489
4.0,8,0.2,0.8,0.0,0.8,0.3730962740243645,13.842535338374109
4.0,8,0.4,0.0,0.6,0.742590025569516,0.42024357831581566,20.279663833682623
4.0,8,0.4,0.2,0.4,0.7989812474354723,0.3657784653726762,12.523881354837489
4.0,8,0.4,0.4,0.2,0.7989812474354723,0.3657784653726762,12.523881354837489
4.0,8,0.4,0.6,0.0,0.8,0.3730962740243645,13.842535338374109
4.0,8,0.6,0.0,0.4,0.8,0.37077776762093684,11.211485983637562
4.0,8,0.6,0.2,0.2,0.7989812474354723,0.3657784653726762,12.523881354837489
4.0,8,0.6,0.4,0.0,0.7960575753128485,0.4367778890529446,17.507505879944105
4.0,8,0.8,0.0,0.2,0.8,0.37077776762093684,11.211485983637562
4.0,8,0.8,0.2,0.0,0.8,0.4483031839766832,21.711900952073226
4.0,8,1.0,0.0,0.0,0.8,0.2659836194338374,10.10245476941666
4.0,9,0.0,0.0,1.0,0.7796926776014598,0.3537147037836743,26.888579509714116
4.0,9,0.0,0.2,0.8,0.7858316532906467,0.40247869735275144,29.825094026258217
4.0,9,0.0,0.4,0.6,0.7858316532906467,0.40247869735275144,29.825094026258217
4.0,9,0.0,0.6,0.4,0.7858316532906467,0.40247869735275144,29.825094026258217
4.0,9,0.0,0.8,0.2,0.7858316532906467,0.40247869735275144,29.825094026258217
4.0,9,0.0,1.0,0.0,0.7865106134799096,0.3902794841981987,31.758685328292835
4.0,9,0.2,0.0,0.8,0.823501359538273,0.38162677910829546,27.354717514072018
4.0,9,0.2,0.2,0.6,0.744765750063518,0.38282547031218483,30.384649022984462
4.0,9,0.2,0.4,0.4,0.8,0.39398803564572943,24.20197591378851
4.0,9,0.2,0.6,0.2,0.844765750063518,0.3543893551126326,25.47584739175006
4.0,9,0.2,0.8,0.0,0.8404966702519079,0.26233452969564863,15.098422751969085
4.0,9,0.4,0.0,0.6,0.8424319228903793,0.4117982622705434,33.726604119331526
4.0,9,0.4,0.2,0.4,0.85,0.32356666401670486,24.345748695451864
4.0,9,0.4,0.4,0.2,0.85,0.3921268570022614,29.222774921709732
4.0,9,0.4,0.6,0.0,0.8354479571766446,0.3161943779176788,23.16262620099766
4.0,9,0.6,0.0,0.4,0.85,0.4201985324751613,30.519324420529234
4.0,9,0.6,0.2,0.2,0.85,0.3921268570022614,29.222774921709732
4.0,9,0.6,0.4,0.0,0.8354479571766446,0.3161943779176788,23.16262620099766
4.0,9,0.8,0.0,0.2,0.8424319228903793,0.4117982622705434,33.726604119331526
4.0,9,0.8,0.2,0.0,0.8354479571766446,0.3161943779176788,23.16262620099766
4.0,9,1.0,0.0,0.0,0.8377381667718989,0.19644199558783432,11.618110242612692
4.0,10,0.0,0.0,1.0,0.75,0.4989779824401269,10.57022840200812
4.0,10,0.0,0.2,0.8,0.65,0.4775604366702455,11.33912322760582
4.0,10,0.0,0.4,0.6,0.65,0.4775604366702455,11.33912322760582
4.0,10,0.0,0.6,0.4,0.65,0.48755723611842305,11.201783583753892
4.0,10,0.0,0.8,0.2,0.7616582897423703,0.5010953802475371,11.753085700298467
4.0,10,0.0,1.0,0.0,0.7,0.4761449924543456,13.90920314856443
4.0,10,0.2,0.0,0.8,0.8,0.48340749110059283,11.403867797539208
4.0,10,0.2,0.2,0.6,0.7798751914068374,0.4590039593103315,13.120484762318316
4.0,10,0.2,0.4,0.4,0.7798751914068374,0.4590039593103315,13.120484762318316
4.0,10,0.2,0.6,0.2,0.7806474515569815,0.44125129317616757,10.628396316580144
4.0,10,0.2,0.8,0.0,0.85,0.36336640188403896,8.682159201536518
4.0,10,0.4,0.0,0.6,0.8,0.48340749110059283,11.403867797539208
4.0,10,0.4,0.2,0.4,0.8,0.4681007422441002,11.675503901724372
4.0,10,0.4,0.4,0.2,0.8,0.48823736418226105,12.468905025529812
4.0,10,0.4,0.6,0.0,0.85,0.47469985813480964,11.58192513302104
4.0,10,0.6,0.0,0.4,0.8,0.4946922122416426,11.225684840063519
4.0,10,0.6,0.2,0.2,0.8,0.48823736418226105,12.468905025529812
4.0,10,0.6,0.4,0.0,0.85,0.47469985813480964,11.58192513302104
4.0,10,0.8,0.0,0.2,0.8,0.4876358270844467,8.258732022749953
4.0,10,0.8,0.2,0.0,0.85,0.47469985813480964,11.58192513302104
4.0,10,1.0,0.0,0.0,0.8,0.26971958758778086,5.797190322013671
4.0,11,0.0,0.0,1.0,0.85,0.44987073334761707,22.171440118946542
4.0,11,0.0,0.2,0.8,0.7422141335867007,0.4597381944127164,24.347326809036186
4.0,11,0.0,0.4,0.6,0.7422141335867007,0.4597381944127164,24.347326809036186
4.0,11,0.0,0.6,0.4,0.9,0.43979607840586465,22.93793287320109
4.0,11,0.0,0.8,0.2,0.7,0.4692699150779343,23.399073037212123
4.0,11,0.0,1.0,0.0,0.8,0.4549016425986546,24.702576882468755
4.0,11,0.2,0.0,0.8,0.65,0.4407814994837169,21.93899634712582
4.0,11,0.2,0.2,0.6,0.9,0.43695972488823226,20.14547620164263
4.0,11,0.2,0.4,0.4,0.7488603949062969,0.4348241547528682,19.769376128219015
4.0,11,0.2,0.6,0.2,0.9,0.2912752534585044,12.187744964944775
4.0,11,0.2,0.8,0.0,0.9,0.4326735616552639,22.268339231085005
4.0,11,0.4,0.0,0.6,0.9,0.40352042909974306,21.96142871429647
4.0,11,0.4,0.2,0.4,0.9,0.2912752534585044,12.187744964944775
4.0,11,0.4,0.4,0.2,0.9,0.2912752534585044,12.187744964944775
4.0,11,0.4,0.6,0.0,0.9,0.4326735616552639,22.268339231085005
4.0,11,0.6,0.0,0.4,0.9,0.40352042909974306,21.96142871429647
4.0,11,0.6,0.2,0.2,0.9,0.2912752534585044,12.187744964944775
4.0,11,0.6,0.4,0.0,0.9,0.4326735616552639,22.268339231085005
4.0,11,0.8,0.0,0.2,0.9,0.40352042909974306,21.96142871429647
4.0,11,0.8,0.2,0.0,0.9,0.4326735616552639,22.268339231085005
4.0,11,1.0,0.0,0.0,0.9,0.25653507979664286,9.387638503296065
4.0,12,0.0,0.0,1.0,0.6948798386064963,0.4175400147494751,14.598765940214298
4.0,12,0.0,0.2,0.8,0.65,0.376724008913321,15.39463530693204
4.0,12,0.0,0.4,0.6,0.65,0.376724008913321,15.39463530693204
4.0,12,0.0,0.6,0.4,0.476974072419452,0.34982741088778907,9.401939014663466
4.0,12,0.0,0.8,0.2,0.5408351170477383,0.32409181456355696,15.149544346417738
4.0,12,0.0,1.0,0.0,0.7772561103016677,0.3491649712059734,17.095492243010348
4.0,12,0.2,0.0,0.8,0.7343907751920971,0.354188198836755,14.712500725889495
4.0,12,0.2,0.2,0.6,0.678172168847333,0.3894105793536549,13.267497819831224
4.0,12,0.2,0.4,0.4,0.9393856202063391,0.2900577199456867,11.046533320447837
4.0,12,0.2,0.6,0.2,0.9167008683912332,0.3357101423512,17.16231538644731
4.0,12,0.2,0.8,0.0,0.8873602743440057,0.21667023760245538,9.877570526389174
4.0,12,0.4,0.0,0.6,0.9262486314833994,0.28608854316203486,8.174122474386786
4.0,12,0.4,0.2,0.4,0.9454822254962796,0.30459288733375606,7.693032200841005
4.0,12,0.4,0.4,0.2,0.9449302062623438,0.3554085751777803,11.158754299345464
4.0,12,0.4,0.6,0.0,0.95,0.32199696070098294,13.628279731626838
4.0,12,0.6,0.0,0.4,0.9291530800927778,0.32932400337791906,10.179384005133759
4.0,12,0.6,0.2,0.2,0.9704126950254643,0.3059135822723778,12.404323557904208
4.0,12,0.6,0.4,0.0,0.95,0.32199696070098294,13.628279731626838
4.0,12,0.8,0.0,0.2,0.9291530800927778,0.32932400337791906,10.179384005133759
4.0,12,0.8,0.2,0.0,0.95,0.32199696070098294,13.628279731626838
4.0,12,1.0,0.0,0.0,0.8786074172933638,0.19611341854223588,7.962263062120419
4.0,13,0.0,0.0,1.0,0.85,0.5007555216369448,21.457322586792824
4.0,13,0.0,0.2,0.8,0.85,0.5067089453315554,28.23600621439971
4.0,13,0.0,0.4,0.6,0.7967883498643735,0.5191665709072533,27.307412247140814
4.0,13,0.0,0.6,0.4,0.9,0.5087635431957738,29.86595747601883
4.0,13,0.0,0.8,0.2,0.85,0.5023726110802387,29.479933095458023
4.0,13,0.0,1.0,0.0,0.7767778010190021,0.4405055686000009,29.310961675038435
4.0,13,0.2,0.0,0.8,0.9,0.5019496673613683,27.25883452509235
4.0,13,0.2,0.2,0.6,1.0,0.4882217870389377,24.804870671879925
4.0,13,0.2,0.4,0.4,0.95,0.486270956157282,27.868276843967504
4.0,13,0.2,0.6,0.2,0.9943556047812787,0.4579867378816294,24.92071787077173
4.0,13,0.2,0.8,0.0,1.0,0.458539694017544,27.90546645498832
4.0,13,0.4,0.0,0.6,0.9813376561147171,0.41695679054829465,22.44496834515304
4.0,13,0.4,0.2,0.4,1.0,0.4949300909323804,24.510879907034717
4.0,13,0.4,0.4,0.2,1.0,0.36238611103526547,21.309577664093656
4.0,13,0.4,0.6,0.0,1.0,0.3760251783180149,23.46707564402546
4.0,13,0.6,0.0,0.4,1.0,0.3760909049581246,18.408936277437743
4.0,13,0.6,0.2,0.2,1.0,0.4182516994963375,19.56447365901214
4.0,13,0.6,0.4,0.0,1.0,0.3760251783180149,23.46707564402546
4.0,13,0.8,0.0,0.2,1.0,0.3760909049581246,18.408936277437743
4.0,13,0.8,0.2,0.0,1.0,0.3760251783180149,23.46707564402546
4.0,13,1.0,0.0,0.0,0.9796903204330298,0.2305240184593543,12.348741378498257
4.0,14,0.0,0.0,1.0,0.491069015271838,0.5070560894352438,49.82530828719085
4.0,14,0.0,0.2,0.8,0.37409805328209067,0.5206126748496227,40.50785045010034
4.0,14,0.0,0.4,0.6,0.6240980532820907,0.4998628795658616,40.205209346804835
4.0,14,0.0,0.6,0.4,0.6240980532820907,0.4998628795658616,40.205209346804835
4.0,14,0.0,0.8,0.2,0.6841550402173239,0.4753020389718293,51.686485045262486
4.0,14,0.0,1.0,0.0,0.6831209860574898,0.45008385098244075,49.812412671858546
4.0,14,0.2,0.0,0.8,0.6944614112589024,0.5311607618944941,32.27562198312586
4.0,14,0.2,0.2,0.6,0.7882113053293981,0.5946556801160399,52.53759993837931
4.0,14,0.2,0.4,0.4,0.75,0.4316741380789875,49.1348811380614
4.0,14,0.2,0.6,0.2,0.8,0.39665875254068955,47.205631679937326
4.0,14,0.2,0.8,0.0,0.85,0.38893049386622847,47.683285210959276
4.0,14,0.4,0.0,0.6,0.6944614112589024,0.5311607618944941,32.27562198312586
4.0,14,0.4,0.2,0.4,0.8228555282822143,0.5030132929973936,38.12606730116907
4.0,14,0.4,0.4,0.2,0.8516488847745289,0.4268639396275276,24.111599433580256
4.0,14,0.4,0.6,0.0,0.85,0.38893049386622847,47.683285210959276
4.0,14,0.6,0.0,0.4,0.7854817545580708,0.3222504768307594,22.22861753158326
4.0,14,0.6,0.2,0.2,0.8516488847745289,0.4268639396275276,24.111599433580256
4.0,14,0.6,0.4,0.0,0.8883614597064196,0.17348258412856124,11.660900441546536
4.0,14,0.8,0.0,0.2,0.8762962194447693,0.24749278115620044,18.43438650738569
4.0,14,0.8,0.2,0.0,0.9,0.3880194513259129,45.745264257760866
4.0,14,1.0,0.0,0.0,0.8762962194447693,0.12794163829871916,8.342376549755006
4.0,15,0.0,0.0,1.0,0.8277072202642124,0.4956565495437092,16.50103413384854
4.0,15,0.0,0.2,0.8,0.85,0.5014190026283161,13.785064986105429
4.0,15,0.0,0.4,0.6,0.95,0.48601869834501704,16.562200945920303
4.0,15,0.0,0.6,0.4,0.7,0.49875473025563055,18.570304712522216
4.0,15,0.0,0.8,0.2,0.7,0.4900344756962123,18.364470937907022
4.0,15,0.0,1.0,0.0,0.940831622893121,0.45619098189197704,16.782305610284194
4.0,15,0.2,0.0,0.8,0.8840567952748591,0.47285583376162094,14.547251603571672
4.0,15,0.2,0.2,0.6,0.85,0.5138359656933239,16.77807101150794
4.0,15,0.2,0.4,0.4,0.7894789583588724,0.4418516848630795,15.94848454516916
4.0,15,0.2,0.6,0.2,0.9,0.4923689763070589,17.472802828573172
4.0,15,0.2,0.8,0.0,0.9,0.5181263689167906,17.858394197831345
4.0,15,0.4,0.0,0.6,0.9,0.4944126550820208,15.894108508386973
4.0,15,0.4,0.2,0.4,0.9,0.35485695091164116,8.954131253231026
4.0,15,0.4,0.4,0.2,0.9,0.4436608935020923,10.961625568370298
4.0,15,0.4,0.6,0.0,0.9,0.5181263689167906,17.858394197831345
4.0,15,0.6,0.0,0.4,0.9,0.4944126550820208,15.894108508386973
4.0,15,0.6,0.2,0.2,0.9222400475714544,0.4395073607232947,16.15880182327303
4.0,15,0.6,0.4,0.0,0.9,0.5181263689167906,17.858394197831345
4.0,15,0.8,0.0,0.2,0.9,0.36525456250368854,11.092176321783977
4.0,15,0.8,0.2,0.0,0.9,0.5181263689167906,17.858394197831345
4.0,15,1.0,0.0,0.0,0.95,0.27535660894861447,8.667582071734492
4.0,16,0.0,0.0,1.0,0.65,0.5141643283717673,19.30930668186037
4.0,16,0.0,0.2,0.8,0.8,0.5132492931070647,23.36924453386657
4.0,16,0.0,0.4,0.6,0.8,0.5132492931070647,23.36924453386657
4.0,16,0.0,0.6,0.4,0.7435520015764843,0.5141007820541397,23.394600240612412
4.0,16,0.0,0.8,0.2,0.5989526579022797,0.5335763304595819,21.3211005171696
4.0,16,0.0,1.0,0.0,0.649652225974127,0.510940307323804,24.066190091612388
4.0,16,0.2,0.0,0.8,0.75,0.4870841476632636,20.52540683575284
4.0,16,0.2,0.2,0.6,0.75,0.5019636984621545,21.639721597186096
4.0,16,0.2,0.4,0.4,0.9409454600339165,0.5156890761957752,24.668514229326348
4.0,16,0.2,0.6,0.2,1.0,0.4692818392331965,22.090380099377686
4.0,16,0.2,0.8,0.0,1.0,0.46617649225698427,22.113701317034945
4.0,16,0.4,0.0,0.6,0.9396472815695441,0.44569223653933965,20.497972694353717
4.0,16,0.4,0.2,0.4,0.9122878271462836,0.4021903511061522,20.53798891146564
4.0,16,0.4,0.4,0.2,0.95,0.35321828824248186,15.24704602191657
4.0,16,0.4,0.6,0.0,1.0,0.46617649225698427,22.113701317034945
4.0,16,0.6,0.0,0.4,0.8869385635550755,0.40451275326147246,19.609136491336148
4.0,16,0.6,0.2,0.2,0.95,0.4024782480866033,17.98126936120779
4.0,16,0.6,0.4,0.0,1.0,0.3883672215828053,18.403376861923093
4.0,16,0.8,0.0,0.2,1.0,0.5004362686006403,22.06163777900886
4.0,16,0.8,0.2,0.0,1.0,0.3883672215828053,18.403376861923093
4.0,16,1.0,0.0,0.0,0.9540133296826294,0.3291748514889182,14.35453779662231
4.0,17,0.0,0.0,1.0,0.7918680761329264,0.47276553347974853,13.750645678681462
4.0,17,0.0,0.2,0.8,0.6,0.508470263940195,16.844026727462914
4.0,17,0.0,0.4,0.6,0.6,0.508470263940195,16.844026727462914
4.0,17,0.0,0.6,0.4,0.6,0.508470263940195,16.844026727462914
4.0,17,0.0,0.8,0.2,0.6,0.508470263940195,16.844026727462914
4.0,17,0.0,1.0,0.0,0.490293205520196,0.4319648282270528,16.369924777165437
4.0,17,0.2,0.0,0.8,0.7796527427172443,0.48930706686424574,14.022931512146718
4.0,17,0.2,0.2,0.6,0.8,0.5153886096055962,16.502956786563345
4.0,17,0.2,0.4,0.4,0.75,0.4327161871991236,15.041512025096713
4.0,17,0.2,0.6,0.2,0.8,0.4677872809877783,12.856339177040535
4.0,17,0.2,0.8,0.0,0.7989900311479583,0.4901023910293211,14.908820095572452
4.0,17,0.4,0.0,0.6,0.8,0.4698559694636138,13.247548001816075
4.0,17,0.4,0.2,0.4,0.8,0.4677872809877783,12.856339177040535
4.0,17,0.4,0.4,0.2,0.8,0.4677872809877783,12.856339177040535
4.0,17,0.4,0.6,0.0,0.7989900311479583,0.4901023910293211,14.908820095572452
4.0,17,0.6,0.0,0.4,0.7418543424080521,0.4315307393635676,13.543541604416049
4.0,17,0.6,0.2,0.2,0.8,0.4677872809877783,12.856339177040535
4.0,17,0.6,0.4,0.0,0.7989900311479583,0.4901023910293211,14.908820095572452
4.0,17,0.8,0.0,0.2,0.7418543424080521,0.4315307393635676,13.543541604416049
4.0,17,0.8,0.2,0.0,0.8,0.508701282206205,17.422798114349284
4.0,17,1.0,0.0,0.0,0.8,0.28527255507031385,9.212714836575483
4.0,18,0.0,0.0,1.0,0.701035521116711,0.47194855112653816,47.867484090120506
4.0,18,0.0,0.2,0.8,0.48368832008925483,0.4308158975289399,49.5466635449519
4.0,18,0.0,0.4,0.6,0.48368832008925483,0.4308158975289399,49.5466635449519
4.0,18,0.0,0.6,0.4,0.48368832008925483,0.4308158975289399,49.5466635449519
4.0,18,0.0,0.8,0.2,0.48368832008925483,0.4308158975289399,49.5466635449519
4.0,18,0.0,1.0,0.0,0.5518319995625628,0.39675514855851624,45.032298155138285
4.0,18,0.2,0.0,0.8,0.6871784954231075,0.44010634185153624,50.63637996288227
4.0,18,0.2,0.2,0.6,0.6871784954231075,0.44010634185153624,50.63637996288227
4.0,18,0.2,0.4,0.4,0.6871784954231075,0.44010634185153624,50.63637996288227
4.0,18,0.2,0.6,0.2,0.569725069315093,0.3752582195447266,43.605825749783364
4.0,18,0.2,0.8,0.0,0.7732730163701652,0.4469093992330692,49.59975777261115
4.0,18,0.4,0.0,0.6,0.6850161596648969,0.48585317886478696,51.78147107267942
4.0,18,0.4,0.2,0.4,0.7060967834539558,0.5198545306437199,56.904882967520756
4.0,18,0.4,0.4,0.2,0.6734948593863366,0.27596223244092316,34.35678672250059
4.0,18,0.4,0.6,0.0,0.7732730163701652,0.4469093992330692,49.59975777261115
4.0,18,0.6,0.0,0.4,0.716818059413718,0.41847460305129625,48.66053982405988
4.0,18,0.6,0.2,0.2,0.7525753257458307,0.13797441464893845,15.119557361236414
4.0,18,0.6,0.4,0.0,0.8,0.19127971935301122,18.778115535066526
4.0,18,0.8,0.0,0.2,0.6628944144339717,0.4083857624866597,46.7105423541853
4.0,18,0.8,0.2,0.0,0.8,0.19127971935301122,18.778115535066526
4.0,18,1.0,0.0,0.0,0.7903444505462696,0.1743716675918338,19.02575984604865
4.0,19,0.0,0.0,1.0,0.7248600930351496,0.45562819241292013,12.063285155187142
4.0,19,0.0,0.2,0.8,0.7,0.43782297178843055,13.330349286086342
4.0,19,0.0,0.4,0.6,0.7,0.43782297178843055,13.330349286086342
4.0,19,0.0,0.6,0.4,0.7,0.43782297178843055,13.330349286086342
4.0,19,0.0,0.8,0.2,0.7,0.43782297178843055,13.330349286086342
4.0,19,0.0,1.0,0.0,0.4,0.4185702228491246,15.792827664243779
4.0,19,0.2,0.0,0.8,0.75,0.4556108031178152,15.57392654887066
4.0,19,0.2,0.2,0.6,0.7,0.43782297178843055,13.330349286086342
4.0,19,0.2,0.4,0.4,0.7414056655921095,0.42322806247340533,14.62235898649752
4.0,19,0.2,0.6,0.2,0.7414056655921095,0.42322806247340533,14.62235898649752
4.0,19,0.2,0.8,0.0,0.8,0.3950330554694487,15.205451786040873
4.0,19,0.4,0.0,0.6,0.9,0.3965634833614447,11.564885861362871
4.0,19,0.4,0.2,0.4,0.7414056655921095,0.42322806247340533,14.62235898649752
4.0,19,0.4,0.4,0.2,0.9,0.36646106966599956,8.538758888454115
4.0,19,0.4,0.6,0.0,0.8,0.3950330554694487,15.205451786040873
4.0,19,0.6,0.0,0.4,0.9,0.3965634833614447,11.564885861362871
4.0,19,0.6,0.2,0.2,0.9,0.36646106966599956,8.538758888454115
4.0,19,0.6,0.4,0.0,0.8,0.3950330554694487,15.205451786040873
4.0,19,0.8,0.0,0.2,0.8,0.408928049286487,14.436389295800407
4.0,19,0.8,0.2,0.0,0.8,0.3950330554694487,15.205451786040873
4.0,19,1.0,0.0,0.0,0.9,0.3105938279652142,7.584423115073847
4.0,20,0.0,0.0,1.0,0.7,0.37695948211035335,10.418024512900095
4.0,20,0.0,0.2,0.8,0.75,0.39980078957973886,13.175982949405935
4.0,20,0.0,0.4,0.6,0.75,0.39980078957973886,13.175982949405935
4.0,20,0.0,0.6,0.4,0.75,0.39980078957973886,13.175982949405935
4.0,20,0.0,0.8,0.2,0.6914392061686907,0.3953319374824742,12.74804903301227
4.0,20,0.0,1.0,0.0,0.7,0.3651869335696884,13.234458555553976
4.0,20,0.2,0.0,0.8,0.6687172471255386,0.3221540455960298,6.573847013346246
4.0,20,0.2,0.2,0.6,0.7434357171640162,0.40927766116500575,12.055589070401707
4.0,20,0.2,0.4,0.4,0.7,0.3819689484052817,10.807026929536157
4.0,20,0.2,0.6,0.2,0.8,0.35953680119213144,10.768714102009685
4.0,20,0.2,0.8,0.0,0.7858967696899077,0.3392566032380002,8.60661129777476
4.0,20,0.4,0.0,0.6,0.7783635107317621,0.3283369809318325,9.811255637017384
4.0,20,0.4,0.2,0.4,0.75,0.37337224179246487,13.125839846857517
4.0,20,0.4,0.4,0.2,0.75,0.3866405985643414,9.373150281688545
4.0,20,0.4,0.6,0.0,0.7858967696899077,0.3392566032380002,8.60661129777476
4.0,20,0.6,0.0,0.4,0.75,0.3282057080437897,10.033440062889614
4.0,20,0.6,0.2,0.2,0.75,0.3400112919581034,7.094638177511809
4.0,20,0.6,0.4,0.0,0.85,0.22545696255061795,6.339811680426163
4.0,20,0.8,0.0,0.2,0.7296206037669094,0.2540266107624633,6.5272666892366775
4.0,20,0.8,0.2,0.0,0.85,0.22545696255061795,6.339811680426163
4.0,20,1.0,0.0,0.0,0.75,0.21121860057374853,6.049188272189735
4.0,21,0.0,0.0,1.0,0.75,0.5912358696550527,22.01689307647801
4.0,21,0.0,0.2,0.8,0.75,0.6585834542694677,28.22276237276186
4.0,21,0.0,0.4,0.6,0.75,0.6585834542694677,28.22276237276186
4.0,21,0.0,0.6,0.4,0.75,0.6585834542694677,28.22276237276186
4.0,21,0.0,0.8,0.2,0.75,0.6585834542694677,28.22276237276186
4.0,21,0.0,1.0,0.0,0.8,0.6416185804369444,31.512555648570167
4.0,21,0.2,0.0,0.8,0.8310968243205042,0.5837763517850161,23.08436436872931
4.0,21,0.2,0.2,0.6,0.85,0.6097518315463999,23.795986362407533
4.0,21,0.2,0.4,0.4,0.8395971488927545,0.5667018577448861,27.22857754842056
4.0,21,0.2,0.6,0.2,0.8366767387896952,0.598823720283398,21.778738377425665
4.0,21,0.2,0.8,0.0,0.8866767387896951,0.5067000269497822,22.251582868124675
4.0,21,0.4,0.0,0.6,0.85,0.631137537286414,25.36300978148086
4.0,21,0.4,0.2,0.4,0.8866767387896951,0.5705317776238813,25.900805294157728
4.0,21,0.4,0.4,0.2,0.9,0.6047596349112342,24.712881282464522
4.0,21,0.4,0.6,0.0,0.9,0.38106937768909366,17.970162003131946
4.0,21,0.6,0.0,0.4,0.85,0.631137537286414,25.36300978148086
4.0,21,0.6,0.2,0.2,0.8900371679844332,0.4827491714156339,21.34030245625278
4.0,21,0.6,0.4,0.0,0.9,0.38106937768909366,17.970162003131946
4.0,21,0.8,0.0,0.2,0.85,0.631137537286414,25.36300978148086
4.0,21,0.8,0.2,0.0,0.9,0.38106937768909366,17.970162003131946
4.0,21,1.0,0.0,0.0,0.8321454702310959,0.19955109188282888,7.5737705157676345
4.0,22,0.0,0.0,1.0,0.7267318444820183,0.48963783367522123,36.0527013730987
4.0,22,0.0,0.2,0.8,0.48444066901185234,0.46246716809773397,26.023710349914303
4.0,22,0.0,0.4,0.6,0.48444066901185234,0.46246716809773397,26.023710349914303
4.0,22,0.0,0.6,0.4,0.35,0.4600281966858106,28.30154193834365
4.0,22,0.0,0.8,0.2,0.540522855848552,0.45197444492757394,33.28137274362287
4.0,22,0.0,1.0,0.0,0.590522855848552,0.4439217901136435,32.43935969404704
4.0,22,0.2,0.0,0.8,0.33485649759048036,0.44875540699653327,33.013149331514704
4.0,22,0.2,0.2,0.6,0.6493070917095076,0.4075289948657473,22.78727312206326
4.0,22,0.2,0.4,0.4,0.6450588486528277,0.463526152723321,31.668549678972017
4.0,22,0.2,0.6,0.2,0.6450588486528277,0.463526152723321,31.668549678972017
4.0,22,0.2,0.8,0.0,0.7267318444820183,0.4449559215629944,32.26892051979457
4.0,22,0.4,0.0,0.6,0.6639365563791444,0.4672880746185776,28.7593059486054
4.0,22,0.4,0.2,0.4,0.7239662816687549,0.4432679764610466,25.81374329498761
4.0,22,0.4,0.4,0.2,0.6639365563791444,0.4325237851260958,26.029318265676892
4.0,22,0.4,0.6,0.0,0.7267318444820183,0.4449559215629944,32.26892051979457
4.0,22,0.6,0.0,0.4,0.6639365563791444,0.4672880746185776,28.7593059486054
4.0,22,0.6,0.2,0.2,0.6639365563791444,0.4672880746185776,28.7593059486054
4.0,22,0.6,0.4,0.0,0.6639365563791444,0.4325237851260958,26.029318265676892
4.0,22,0.8,0.0,0.2,0.6639365563791444,0.4672880746185776,28.7593059486054
4.0,22,0.8,0.2,0.0,0.654326085567265,0.26751871063886024,16.34172188826414
4.0,22,1.0,0.0,0.0,0.6587992005158161,0.20232568580478622,12.99771875327724
4.0,23,0.0,0.0,1.0,0.55,0.30412698160591,14.925245737584305
4.0,23,0.0,0.2,0.8,0.7,0.3019950844248385,16.116005533651254
4.0,23,0.0,0.4,0.6,0.7,0.3019950844248385,16.116005533651254
4.0,23,0.0,0.6,0.4,0.7,0.3019950844248385,16.116005533651254
4.0,23,0.0,0.8,0.2,0.7,0.3477303993721536,20.95417406417713
4.0,23,0.0,1.0,0.0,0.55,0.3206283513380228,21.48411081424931
4.0,23,0.2,0.0,0.8,0.8,0.3612949395040139,22.225880901491855
4.0,23,0.2,0.2,0.6,0.7,0.3165084307366659,15.234866494999753
4.0,23,0.2,0.4,0.4,0.75,0.26747442797999393,13.641206615812525
4.0,23,0.2,0.6,0.2,0.85,0.26908606624700077,13.567934966655312
4.0,23,0.2,0.8,0.0,0.85,0.1657831270694403,8.395510704008771
4.0,23,0.4,0.0,0.6,0.7988995839245565,0.257185283390246,14.738605616560136
4.0,23,0.4,0.2,0.4,0.85,0.26908606624700077,13.567934966655312
4.0,23,0.4,0.4,0.2,0.8,0.3168143591045539,19.651788069749223
4.0,23,0.4,0.6,0.0,0.85,0.1657831270694403,8.395510704008771
4.0,23,0.6,0.0,0.4,0.7767716132311074,0.23620673000972256,12.67078579679414
4.0,23,0.6,0.2,0.2,0.85,0.2486087442219426,11.268713709928543
4.0,23,0.6,0.4,0.0,0.85,0.1657831270694403,8.395510704008771
4.0,23,0.8,0.0,0.2,0.8288183034412073,0.1543394943957463,8.096697205223718
4.0,23,0.8,0.2,0.0,0.85,0.1657831270694403,8.395510704008771
4.0,23,1.0,0.0,0.0,0.85,0.1286024059319142,6.557182209124588
