slack,cap_sigma,stake,rule,seed,w_app,w_op,w_sys,napp,nop,nsys
0.5,0.0,uniform,min,0,0.0,0.0,1.0,0.3236183990115429,1.0,1.0
0.5,0.0,uniform,min,0,0.0,0.2,0.8,0.3236183990115429,1.0,1.0
0.5,0.0,uniform,min,0,0.0,0.4,0.6,0.3236183990115429,1.0,1.0
0.5,0.0,uniform,min,0,0.0,0.6,0.4,0.3236183990115429,1.0,1.0
0.5,0.0,uniform,min,0,0.0,0.8,0.2,0.3236183990115429,1.0,1.0
0.5,0.0,uniform,min,0,0.0,1.0,0.0,0.3236183990115429,1.0,1.0
0.5,0.0,uniform,min,0,0.2,0.0,0.8,0.44074740083592684,0.9962644470593361,0.9962644470573601
0.5,0.0,uniform,min,0,0.2,0.2,0.6,0.44074740083592684,0.9962644470593361,0.9962644470573601
0.5,0.0,uniform,min,0,0.2,0.4,0.4,0.44074740083592684,0.9962644470593361,0.9962644470573601
0.5,0.0,uniform,min,0,0.2,0.6,0.2,0.44074740083592684,0.9962644470593361,0.9962644470573601
0.5,0.0,uniform,min,0,0.2,0.8,0.0,0.44074740083592684,0.9962644470593361,0.9962644470573601
0.5,0.0,uniform,min,0,0.4,0.0,0.6,0.44074740083592684,0.9962644470593361,0.9962644470573601
0.5,0.0,uniform,min,0,0.4,0.2,0.4,0.44074740083592684,0.9962644470593361,0.9962644470573601
0.5,0.0,uniform,min,0,0.4,0.4,0.2,0.44074740083592684,0.9962644470593361,0.9962644470573601
0.5,0.0,uniform,min,0,0.4,0.6,0.0,0.44074740083592684,0.9962644470593361,0.9962644470573601
0.5,0.0,uniform,min,0,0.6,0.0,0.4,0.44074740083592684,0.9962644470593361,0.9962644470573601
0.5,0.0,uniform,min,0,0.6,0.2,0.2,0.44074740083592684,0.9962644470593361,0.9962644470573601
0.5,0.0,uniform,min,0,0.6,0.4,0.0,0.44074740083592684,0.9962644470593361,0.9962644470573601
0.5,0.0,uniform,min,0,0.8,0.0,0.2,0.44074740083592684,0.9962644470593361,0.9962644470573601
0.5,0.0,uniform,min,0,0.8,0.2,0.0,0.44074740083592684,0.9962644470593361,0.9962644470573601
0.5,0.0,uniform,min,0,1.0,0.0,0.0,0.44074740083592684,0.4892916577894369,0.4892916577795543
0.5,0.0,uniform,min,1,0.0,0.0,1.0,0.43061408152711855,1.0,1.0
0.5,0.0,uniform,min,1,0.0,0.2,0.8,0.43061408152711855,1.0,1.0
0.5,0.0,uniform,min,1,0.0,0.4,0.6,0.43061408152711855,1.0,1.0
0.5,0.0,uniform,min,1,0.0,0.6,0.4,0.43061408152711855,1.0,1.0
0.5,0.0,uniform,min,1,0.0,0.8,0.2,0.43061408152711855,1.0,1.0
0.5,0.0,uniform,min,1,0.0,1.0,0.0,0.43061408152711855,1.0,1.0
0.5,0.0,uniform,min,1,0.2,0.0,0.8,0.6050823378642765,1.0,1.0
0.5,0.0,uniform,min,1,0.2,0.2,0.6,0.6050823378642765,1.0,1.0
0.5,0.0,uniform,min,1,0.2,0.4,0.4,0.6050823378642765,1.0,1.0
0.5,0.0,uniform,min,1,0.2,0.6,0.2,0.6050823378642765,1.0,1.0
0.5,0.0,uniform,min,1,0.2,0.8,0.0,0.6050823378642765,1.0,1.0
0.5,0.0,uniform,min,1,0.4,0.0,0.6,0.6050823378642765,1.0,1.0
0.5,0.0,uniform,min,1,0.4,0.2,0.4,0.6050823378642765,1.0,1.0
0.5,0.0,uniform,min,1,0.4,0.4,0.2,0.6050823378642765,1.0,1.0
0.5,0.0,uniform,min,1,0.4,0.6,0.0,0.6050823378642765,1.0,1.0
0.5,0.0,uniform,min,1,0.6,0.0,0.4,0.6050823378642765,1.0,1.0
0.5,0.0,uniform,min,1,0.6,0.2,0.2,0.6050823378642765,1.0,1.0
0.5,0.0,uniform,min,1,0.6,0.4,0.0,0.6050823378642765,1.0,1.0
0.5,0.0,uniform,min,1,0.8,0.0,0.2,0.6050823378642765,1.0,1.0
0.5,0.0,uniform,min,1,0.8,0.2,0.0,0.6050823378642765,1.0,1.0
0.5,0.0,uniform,min,1,1.0,0.0,0.0,0.6278729745797139,0.49723982470095024,0.49723982473722406
0.5,0.0,uniform,min,2,0.0,0.0,1.0,1.0,0.9999999999789632,1.0
0.5,0.0,uniform,min,2,0.0,0.2,0.8,1.0,0.9999999999999999,0.9999999999999998
0.5,0.0,uniform,min,2,0.0,0.4,0.6,1.0,0.9999999999999999,0.9999999999999998
0.5,0.0,uniform,min,2,0.0,0.6,0.4,1.0,0.9999999999999999,0.9999999999999998
0.5,0.0,uniform,min,2,0.0,0.8,0.2,1.0,0.9999999999999999,0.9999999999999998
0.5,0.0,uniform,min,2,0.0,1.0,0.0,1.0,0.9999999999999999,0.9999999999999998
0.5,0.0,uniform,min,2,0.2,0.0,0.8,1.0,0.9999999999789632,1.0
0.5,0.0,uniform,min,2,0.2,0.2,0.6,1.0,0.9999999999999999,0.9999999999999998
0.5,0.0,uniform,min,2,0.2,0.4,0.4,1.0,0.9999999999999999,0.9999999999999998
0.5,0.0,uniform,min,2,0.2,0.6,0.2,1.0,0.9999999999999999,0.9999999999999998
0.5,0.0,uniform,min,2,0.2,0.8,0.0,1.0,0.9999999999999999,0.9999999999999998
0.5,0.0,uniform,min,2,0.4,0.0,0.6,1.0,0.9999999999789632,1.0
0.5,0.0,uniform,min,2,0.4,0.2,0.4,1.0,0.9999999999999999,0.9999999999999998
0.5,0.0,uniform,min,2,0.4,0.4,0.2,1.0,0.9999999999999999,0.9999999999999998
0.5,0.0,uniform,min,2,0.4,0.6,0.0,1.0,0.9999999999999999,0.9999999999999998
0.5,0.0,uniform,min,2,0.6,0.0,0.4,1.0,0.9999999999789632,1.0
0.5,0.0,uniform,min,2,0.6,0.2,0.2,1.0,0.9999999999999999,0.9999999999999998
0.5,0.0,uniform,min,2,0.6,0.4,0.0,1.0,0.9999999999999999,0.9999999999999998
0.5,0.0,uniform,min,2,0.8,0.0,0.2,1.0,0.9999999999789632,1.0
0.5,0.0,uniform,min,2,0.8,0.2,0.0,1.0,0.9999999999999999,0.9999999999999998
0.5,0.0,uniform,min,2,1.0,0.0,0.0,1.0,0.542143075810755,0.5421430758256527
0.5,0.0,uniform,sum,0,0.0,0.0,1.0,0.31088081816186114,0.9999999996277126,1.0
0.5,0.0,uniform,sum,0,0.0,0.2,0.8,0.24431211362730595,1.0,0.9999999999999999
0.5,0.0,uniform,sum,0,0.0,0.4,0.6,0.24431211362730595,1.0,0.9999999999999999
0.5,0.0,uniform,sum,0,0.0,0.6,0.4,0.24431211362730595,1.0,0.9999999999999999
0.5,0.0,uniform,sum,0,0.0,0.8,0.2,0.24431211362730595,1.0,0.9999999999999999
0.5,0.0,uniform,sum,0,0.0,1.0,0.0,0.24431211362730595,1.0,0.9999999999999999
0.5,0.0,uniform,sum,0,0.2,0.0,0.8,0.46659728350095697,1.0,0.9999999999999999
0.5,0.0,uniform,sum,0,0.2,0.2,0.6,0.46659728350095697,1.0,0.9999999999999999
0.5,0.0,uniform,sum,0,0.2,0.4,0.4,0.46659728350095697,1.0,0.9999999999999999
0.5,0.0,uniform,sum,0,0.2,0.6,0.2,0.46659728350095697,1.0,0.9999999999999999
0.5,0.0,uniform,sum,0,0.2,0.8,0.0,0.46659728350095697,1.0,0.9999999999999999
0.5,0.0,uniform,sum,0,0.4,0.0,0.6,0.46659728350095697,1.0,0.9999999999999999
0.5,0.0,uniform,sum,0,0.4,0.2,0.4,0.46659728350095697,1.0,0.9999999999999999
0.5,0.0,uniform,sum,0,0.4,0.4,0.2,0.46659728350095697,1.0,0.9999999999999999
0.5,0.0,uniform,sum,0,0.4,0.6,0.0,0.46659728350095697,1.0,0.9999999999999999
0.5,0.0,uniform,sum,0,0.6,0.0,0.4,0.46659728350095697,1.0,0.9999999999999999
0.5,0.0,uniform,sum,0,0.6,0.2,0.2,0.46659728350095697,1.0,0.9999999999999999
0.5,0.0,uniform,sum,0,0.6,0.4,0.0,0.46659728350095697,1.0,0.9999999999999999
0.5,0.0,uniform,sum,0,0.8,0.0,0.2,0.46659728350095697,1.0,0.9999999999999999
0.5,0.0,uniform,sum,0,0.8,0.2,0.0,0.46659728350095697,1.0,0.9999999999999999
0.5,0.0,uniform,sum,0,1.0,0.0,0.0,0.46659728350095697,0.5286938826734878,0.5286938826734877
0.5,0.0,uniform,sum,1,0.0,0.0,1.0,0.39163699439976013,0.9999999999287524,1.0
0.5,0.0,uniform,sum,1,0.0,0.2,0.8,0.3988238949379309,1.0,1.0
0.5,0.0,uniform,sum,1,0.0,0.4,0.6,0.3988238949379309,1.0,1.0
0.5,0.0,uniform,sum,1,0.0,0.6,0.4,0.3988238949379309,1.0,1.0
0.5,0.0,uniform,sum,1,0.0,0.8,0.2,0.3988238949379309,1.0,1.0
0.5,0.0,uniform,sum,1,0.0,1.0,0.0,0.3988238949379309,1.0,1.0
0.5,0.0,uniform,sum,1,0.2,0.0,0.8,0.7124778482746934,1.0,1.0
0.5,0.0,uniform,sum,1,0.2,0.2,0.6,0.7124778482746934,1.0,1.0
0.5,0.0,uniform,sum,1,0.2,0.4,0.4,0.7124778482746934,1.0,1.0
0.5,0.0,uniform,sum,1,0.2,0.6,0.2,0.7124778482746934,1.0,1.0
0.5,0.0,uniform,sum,1,0.2,0.8,0.0,0.7124778482746934,1.0,1.0
0.5,0.0,uniform,sum,1,0.4,0.0,0.6,0.7124778482746934,1.0,1.0
0.5,0.0,uniform,sum,1,0.4,0.2,0.4,0.7124778482746934,1.0,1.0
0.5,0.0,uniform,sum,1,0.4,0.4,0.2,0.7124778482746934,1.0,1.0
0.5,0.0,uniform,sum,1,0.4,0.6,0.0,0.7124778482746934,1.0,1.0
0.5,0.0,uniform,sum,1,0.6,0.0,0.4,0.7124778482746934,1.0,1.0
0.5,0.0,uniform,sum,1,0.6,0.2,0.2,0.7124778482746934,1.0,1.0
0.5,0.0,uniform,sum,1,0.6,0.4,0.0,0.7124778482746934,1.0,1.0
0.5,0.0,uniform,sum,1,0.8,0.0,0.2,0.7124778482746934,1.0,1.0
0.5,0.0,uniform,sum,1,0.8,0.2,0.0,0.7124778482746934,1.0,1.0
0.5,0.0,uniform,sum,1,1.0,0.0,0.0,0.7124778482746934,0.6989117777871865,0.6989117778193561
0.5,0.0,uniform,sum,2,0.0,0.0,1.0,1.0,0.9999999999603445,1.0
0.5,0.0,uniform,sum,2,0.0,0.2,0.8,1.0,1.0,1.0
0.5,0.0,uniform,sum,2,0.0,0.4,0.6,1.0,1.0,1.0
0.5,0.0,uniform,sum,2,0.0,0.6,0.4,1.0,1.0,1.0
0.5,0.0,uniform,sum,2,0.0,0.8,0.2,1.0,1.0,1.0
0.5,0.0,uniform,sum,2,0.0,1.0,0.0,1.0,1.0,1.0
0.5,0.0,uniform,sum,2,0.2,0.0,0.8,1.0,0.9999999999603445,1.0
0.5,0.0,uniform,sum,2,0.2,0.2,0.6,1.0,1.0,1.0
0.5,0.0,uniform,sum,2,0.2,0.4,0.4,1.0,1.0,1.0
0.5,0.0,uniform,sum,2,0.2,0.6,0.2,1.0,1.0,1.0
0.5,0.0,uniform,sum,2,0.2,0.8,0.0,1.0,1.0,1.0
0.5,0.0,uniform,sum,2,0.4,0.0,0.6,1.0,0.9999999999603445,1.0
0.5,0.0,uniform,sum,2,0.4,0.2,0.4,1.0,1.0,1.0
0.5,0.0,uniform,sum,2,0.4,0.4,0.2,1.0,1.0,1.0
0.5,0.0,uniform,sum,2,0.4,0.6,0.0,1.0,1.0,1.0
0.5,0.0,uniform,sum,2,0.6,0.0,0.4,1.0,0.9999999999603445,1.0
0.5,0.0,uniform,sum,2,0.6,0.2,0.2,1.0,1.0,1.0
0.5,0.0,uniform,sum,2,0.6,0.4,0.0,1.0,1.0,1.0
0.5,0.0,uniform,sum,2,0.8,0.0,0.2,1.0,0.9999999999603445,1.0
0.5,0.0,uniform,sum,2,0.8,0.2,0.0,1.0,1.0,1.0
0.5,0.0,uniform,sum,2,1.0,0.0,0.0,1.0,0.7462384153463755,0.7462384153759678
0.5,0.0,pareto,min,0,0.0,0.0,1.0,0.25,0.6878706009736728,1.0
0.5,0.0,pareto,min,0,0.0,0.2,0.8,0.25,0.6878706009736728,1.0
0.5,0.0,pareto,min,0,0.0,0.4,0.6,0.25,0.6878706009736728,1.0
0.5,0.0,pareto,min,0,0.0,0.6,0.4,0.1595652746101697,0.9999999999999999,0.6421883127783587
0.5,0.0,pareto,min,0,0.0,0.8,0.2,0.1595652746101697,0.9999999999999999,0.6421883127783587
0.5,0.0,pareto,min,0,0.0,1.0,0.0,0.1595652746101697,0.9999999999999999,0.6421883127783587
0.5,0.0,pareto,min,0,0.2,0.0,0.8,0.25,0.6878706009736728,1.0
0.5,0.0,pareto,min,0,0.2,0.2,0.6,0.25,0.6878706009736728,1.0
0.5,0.0,pareto,min,0,0.2,0.4,0.4,0.25,0.6878706009736728,1.0
0.5,0.0,pareto,min,0,0.2,0.6,0.2,0.1595652746101697,0.9999999999999999,0.6421883127783587
0.5,0.0,pareto,min,0,0.2,0.8,0.0,0.1595652746101697,0.9999999999999999,0.6421883127783587
0.5,0.0,pareto,min,0,0.4,0.0,0.6,0.25,0.6878706009736728,1.0
0.5,0.0,pareto,min,0,0.4,0.2,0.4,0.25,0.6878706009736728,1.0
0.5,0.0,pareto,min,0,0.4,0.4,0.2,0.1595652746101697,0.9999999999999999,0.6421883127783587
0.5,0.0,pareto,min,0,0.4,0.6,0.0,0.1595652746101697,0.9999999999999999,0.6421883127783587
0.5,0.0,pareto,min,0,0.6,0.0,0.4,0.25,0.6878706009736728,1.0
0.5,0.0,pareto,min,0,0.6,0.2,0.2,0.25,0.6878706009736728,1.0
0.5,0.0,pareto,min,0,0.6,0.4,0.0,0.1595652746101697,0.9999999999999999,0.6421883127783587
0.5,0.0,pareto,min,0,0.8,0.0,0.2,0.25,0.6878706009736728,1.0
0.5,0.0,pareto,min,0,0.8,0.2,0.0,0.25,0.6878706009736728,1.0
0.5,0.0,pareto,min,0,1.0,0.0,0.0,0.25,0.33197893674179285,0.4826182951733663
0.5,0.0,pareto,min,1,0.0,0.0,1.0,0.43061408152711855,0.9999999999999999,1.0
0.5,0.0,pareto,min,1,0.0,0.2,0.8,0.43061408152711855,0.9999999999999999,1.0
0.5,0.0,pareto,min,1,0.0,0.4,0.6,0.43061408152711855,0.9999999999999999,1.0
0.5,0.0,pareto,min,1,0.0,0.6,0.4,0.43061408152711855,0.9999999999999999,1.0
0.5,0.0,pareto,min,1,0.0,0.8,0.2,0.43061408152711855,0.9999999999999999,1.0
0.5,0.0,pareto,min,1,0.0,1.0,0.0,0.43061408152711855,0.9999999999999999,1.0
0.5,0.0,pareto,min,1,0.2,0.0,0.8,0.6050823378642765,0.9999999999999999,1.0
0.5,0.0,pareto,min,1,0.2,0.2,0.6,0.6050823378642765,0.9999999999999999,1.0
0.5,0.0,pareto,min,1,0.2,0.4,0.4,0.6050823378642765,0.9999999999999999,1.0
0.5,0.0,pareto,min,1,0.2,0.6,0.2,0.6050823378642765,0.9999999999999999,1.0
0.5,0.0,pareto,min,1,0.2,0.8,0.0,0.6050823378642765,0.9999999999999999,1.0
0.5,0.0,pareto,min,1,0.4,0.0,0.6,0.6050823378642765,0.9999999999999999,1.0
0.5,0.0,pareto,min,1,0.4,0.2,0.4,0.6050823378642765,0.9999999999999999,1.0
0.5,0.0,pareto,min,1,0.4,0.4,0.2,0.6050823378642765,0.9999999999999999,1.0
0.5,0.0,pareto,min,1,0.4,0.6,0.0,0.6050823378642765,0.9999999999999999,1.0
0.5,0.0,pareto,min,1,0.6,0.0,0.4,0.6050823378642765,0.9999999999999999,1.0
0.5,0.0,pareto,min,1,0.6,0.2,0.2,0.6050823378642765,0.9999999999999999,1.0
0.5,0.0,pareto,min,1,0.6,0.4,0.0,0.6050823378642765,0.9999999999999999,1.0
0.5,0.0,pareto,min,1,0.8,0.0,0.2,0.6050823378642765,0.9999999999999999,1.0
0.5,0.0,pareto,min,1,0.8,0.2,0.0,0.6050823378642765,0.9999999999999999,1.0
0.5,0.0,pareto,min,1,1.0,0.0,0.0,0.6278729745797139,0.4748469153385775,0.49723982473722406
0.5,0.0,pareto,min,2,0.0,0.0,1.0,1.0,1.0000000000000002,1.0
0.5,0.0,pareto,min,2,0.0,0.2,0.8,1.0,1.0000000000000002,1.0
0.5,0.0,pareto,min,2,0.0,0.4,0.6,1.0,1.0000000000000002,1.0
0.5,0.0,pareto,min,2,0.0,0.6,0.4,1.0,1.0000000000000002,1.0
0.5,0.0,pareto,min,2,0.0,0.8,0.2,1.0,1.0000000000000002,1.0
0.5,0.0,pareto,min,2,0.0,1.0,0.0,1.0,1.0000000000000002,1.0
0.5,0.0,pareto,min,2,0.2,0.0,0.8,1.0,1.0000000000000002,1.0
0.5,0.0,pareto,min,2,0.2,0.2,0.6,1.0,1.0000000000000002,1.0
0.5,0.0,pareto,min,2,0.2,0.4,0.4,1.0,1.0000000000000002,1.0
0.5,0.0,pareto,min,2,0.2,0.6,0.2,1.0,1.0000000000000002,1.0
0.5,0.0,pareto,min,2,0.2,0.8,0.0,1.0,1.0000000000000002,1.0
0.5,0.0,pareto,min,2,0.4,0.0,0.6,1.0,1.0000000000000002,1.0
0.5,0.0,pareto,min,2,0.4,0.2,0.4,1.0,1.0000000000000002,1.0
0.5,0.0,pareto,min,2,0.4,0.4,0.2,1.0,1.0000000000000002,1.0
0.5,0.0,pareto,min,2,0.4,0.6,0.0,1.0,1.0000000000000002,1.0
0.5,0.0,pareto,min,2,0.6,0.0,0.4,1.0,1.0000000000000002,1.0
0.5,0.0,pareto,min,2,0.6,0.2,0.2,1.0,1.0000000000000002,1.0
0.5,0.0,pareto,min,2,0.6,0.4,0.0,1.0,1.0000000000000002,1.0
0.5,0.0,pareto,min,2,0.8,0.0,0.2,1.0,1.0000000000000002,1.0
0.5,0.0,pareto,min,2,0.8,0.2,0.0,1.0,1.0000000000000002,1.0
0.5,0.0,pareto,min,2,1.0,0.0,0.0,1.0,0.5412003379772069,0.5421430758256527
0.5,0.0,pareto,sum,0,0.0,0.0,1.0,0.24431211362730595,1.0,1.0
0.5,0.0,pareto,sum,0,0.0,0.2,0.8,0.24431211362730595,1.0,1.0
0.5,0.0,pareto,sum,0,0.0,0.4,0.6,0.24431211362730595,1.0,1.0
0.5,0.0,pareto,sum,0,0.0,0.6,0.4,0.24431211362730595,1.0,1.0
0.5,0.0,pareto,sum,0,0.0,0.8,0.2,0.24431211362730595,1.0,1.0
0.5,0.0,pareto,sum,0,0.0,1.0,0.0,0.24431211362730595,1.0,1.0
0.5,0.0,pareto,sum,0,0.2,0.0,0.8,0.4130215652623958,1.0,1.0
0.5,0.0,pareto,sum,0,0.2,0.2,0.6,0.4130215652623958,1.0,1.0
0.5,0.0,pareto,sum,0,0.2,0.4,0.4,0.4130215652623958,1.0,1.0
0.5,0.0,pareto,sum,0,0.2,0.6,0.2,0.4130215652623958,1.0,1.0
0.5,0.0,pareto,sum,0,0.2,0.8,0.0,0.4130215652623958,1.0,1.0
0.5,0.0,pareto,sum,0,0.4,0.0,0.6,0.4130215652623958,1.0,1.0
0.5,0.0,pareto,sum,0,0.4,0.2,0.4,0.4130215652623958,1.0,1.0
0.5,0.0,pareto,sum,0,0.4,0.4,0.2,0.4130215652623958,1.0,1.0
0.5,0.0,pareto,sum,0,0.4,0.6,0.0,0.4130215652623958,1.0,1.0
0.5,0.0,pareto,sum,0,0.6,0.0,0.4,0.4130215652623958,1.0,1.0
0.5,0.0,pareto,sum,0,0.6,0.2,0.2,0.4130215652623958,1.0,1.0
0.5,0.0,pareto,sum,0,0.6,0.4,0.0,0.4130215652623958,1.0,1.0
0.5,0.0,pareto,sum,0,0.8,0.0,0.2,0.4130215652623958,1.0,1.0
0.5,0.0,pareto,sum,0,0.8,0.2,0.0,0.4130215652623958,1.0,1.0
0.5,0.0,pareto,sum,0,1.0,0.0,0.0,0.4130215652623958,0.5286938826734878,0.5286938826734878
0.5,0.0,pareto,sum,1,0.0,0.0,1.0,0.39163699439976013,0.6616331642896388,1.0
0.5,0.0,pareto,sum,1,0.0,0.2,0.8,0.380076995366964,1.0,1.0
0.5,0.0,pareto,sum,1,0.0,0.4,0.6,0.380076995366964,1.0,1.0
0.5,0.0,pareto,sum,1,0.0,0.6,0.4,0.380076995366964,1.0,1.0
0.5,0.0,pareto,sum,1,0.0,0.8,0.2,0.380076995366964,1.0,1.0
0.5,0.0,pareto,sum,1,0.0,1.0,0.0,0.380076995366964,1.0,1.0
0.5,0.0,pareto,sum,1,0.2,0.0,0.8,0.7124778482746934,0.8234237430401778,1.0
0.5,0.0,pareto,sum,1,0.2,0.2,0.6,0.6050823378642765,0.9898399327098194,1.0
0.5,0.0,pareto,sum,1,0.2,0.4,0.4,0.6050823378642765,0.9898399327098194,1.0
0.5,0.0,pareto,sum,1,0.2,0.6,0.2,0.5763346582575507,1.0,1.0
0.5,0.0,pareto,sum,1,0.2,0.8,0.0,0.5763346582575507,1.0,1.0
0.5,0.0,pareto,sum,1,0.4,0.0,0.6,0.7124778482746934,0.8234237430401778,1.0
0.5,0.0,pareto,sum,1,0.4,0.2,0.4,0.7124778482746934,0.8234237430401778,1.0
0.5,0.0,pareto,sum,1,0.4,0.4,0.2,0.6050823378642765,0.9898399327098194,1.0
0.5,0.0,pareto,sum,1,0.4,0.6,0.0,0.6050823378642765,0.9898399327098194,1.0
0.5,0.0,pareto,sum,1,0.6,0.0,0.4,0.7124778482746934,0.8234237430401778,1.0
0.5,0.0,pareto,sum,1,0.6,0.2,0.2,0.7124778482746934,0.8234237430401778,1.0
0.5,0.0,pareto,sum,1,0.6,0.4,0.0,0.6050823378642765,0.9898399327098194,1.0
0.5,0.0,pareto,sum,1,0.8,0.0,0.2,0.7124778482746934,0.8234237430401778,1.0
0.5,0.0,pareto,sum,1,0.8,0.2,0.0,0.7124778482746934,0.8234237430401778,1.0
0.5,0.0,pareto,sum,1,1.0,0.0,0.0,0.7124778482746934,0.5500058713393452,0.6989117778193561
0.5,0.0,pareto,sum,2,0.0,0.0,1.0,1.0,0.973683966705532,1.0
0.5,0.0,pareto,sum,2,0.0,0.2,0.8,1.0,1.0,1.0
0.5,0.0,pareto,sum,2,0.0,0.4,0.6,1.0,1.0,1.0
0.5,0.0,pareto,sum,2,0.0,0.6,0.4,1.0,1.0,1.0
0.5,0.0,pareto,sum,2,0.0,0.8,0.2,1.0,1.0,1.0
0.5,0.0,pareto,sum,2,0.0,1.0,0.0,1.0,1.0,1.0
0.5,0.0,pareto,sum,2,0.2,0.0,0.8,1.0,0.973683966705532,1.0
0.5,0.0,pareto,sum,2,0.2,0.2,0.6,1.0,1.0,1.0
0.5,0.0,pareto,sum,2,0.2,0.4,0.4,1.0,1.0,1.0
0.5,0.0,pareto,sum,2,0.2,0.6,0.2,1.0,1.0,1.0
0.5,0.0,pareto,sum,2,0.2,0.8,0.0,1.0,1.0,1.0
0.5,0.0,pareto,sum,2,0.4,0.0,0.6,1.0,0.973683966705532,1.0
0.5,0.0,pareto,sum,2,0.4,0.2,0.4,1.0,1.0,1.0
0.5,0.0,pareto,sum,2,0.4,0.4,0.2,1.0,1.0,1.0
0.5,0.0,pareto,sum,2,0.4,0.6,0.0,1.0,1.0,1.0
0.5,0.0,pareto,sum,2,0.6,0.0,0.4,1.0,0.973683966705532,1.0
0.5,0.0,pareto,sum,2,0.6,0.2,0.2,1.0,1.0,1.0
0.5,0.0,pareto,sum,2,0.6,0.4,0.0,1.0,1.0,1.0
0.5,0.0,pareto,sum,2,0.8,0.0,0.2,1.0,0.973683966705532,1.0
0.5,0.0,pareto,sum,2,0.8,0.2,0.0,1.0,1.0,1.0
0.5,0.0,pareto,sum,2,1.0,0.0,0.0,1.0,0.7266003803913228,0.7462384153759678
0.5,0.8,uniform,min,0,0.0,0.0,1.0,0.3236183990115429,1.0,1.0
0.5,0.8,uniform,min,0,0.0,0.2,0.8,0.3236183990115429,1.0,1.0
0.5,0.8,uniform,min,0,0.0,0.4,0.6,0.3236183990115429,1.0,1.0
0.5,0.8,uniform,min,0,0.0,0.6,0.4,0.3236183990115429,1.0,1.0
0.5,0.8,uniform,min,0,0.0,0.8,0.2,0.3236183990115429,1.0,1.0
0.5,0.8,uniform,min,0,0.0,1.0,0.0,0.3236183990115429,1.0,1.0
0.5,0.8,uniform,min,0,0.2,0.0,0.8,0.3236183990115429,1.0,1.0
0.5,0.8,uniform,min,0,0.2,0.2,0.6,0.3236183990115429,1.0,1.0
0.5,0.8,uniform,min,0,0.2,0.4,0.4,0.3236183990115429,1.0,1.0
0.5,0.8,uniform,min,0,0.2,0.6,0.2,0.3236183990115429,1.0,1.0
0.5,0.8,uniform,min,0,0.2,0.8,0.0,0.3236183990115429,1.0,1.0
0.5,0.8,uniform,min,0,0.4,0.0,0.6,0.3236183990115429,1.0,1.0
0.5,0.8,uniform,min,0,0.4,0.2,0.4,0.3236183990115429,1.0,1.0
0.5,0.8,uniform,min,0,0.4,0.4,0.2,0.3236183990115429,1.0,1.0
0.5,0.8,uniform,min,0,0.4,0.6,0.0,0.3236183990115429,1.0,1.0
0.5,0.8,uniform,min,0,0.6,0.0,0.4,0.3236183990115429,1.0,1.0
0.5,0.8,uniform,min,0,0.6,0.2,0.2,0.3236183990115429,1.0,1.0
0.5,0.8,uniform,min,0,0.6,0.4,0.0,0.3236183990115429,1.0,1.0
0.5,0.8,uniform,min,0,0.8,0.0,0.2,0.4209997143601577,0.7201008112839477,0.7201008112065137
0.5,0.8,uniform,min,0,0.8,0.2,0.0,0.4209997143601577,0.7201008112839477,0.7201008112065137
0.5,0.8,uniform,min,0,1.0,0.0,0.0,0.44074740083592684,0.1711685506565145,0.17116855062481337
0.5,0.8,uniform,min,1,0.0,0.0,1.0,0.4600382945468405,1.0,1.0
0.5,0.8,uniform,min,1,0.0,0.2,0.8,0.4600382945468405,1.0,1.0
0.5,0.8,uniform,min,1,0.0,0.4,0.6,0.4600382945468405,1.0,1.0
0.5,0.8,uniform,min,1,0.0,0.6,0.4,0.4600382945468405,1.0,1.0
0.5,0.8,uniform,min,1,0.0,0.8,0.2,0.4600382945468405,1.0,1.0
0.5,0.8,uniform,min,1,0.0,1.0,0.0,0.4600382945468405,1.0,1.0
0.5,0.8,uniform,min,1,0.2,0.0,0.8,0.5718315099379113,1.0,1.0
0.5,0.8,uniform,min,1,0.2,0.2,0.6,0.5718315099379113,1.0,1.0
0.5,0.8,uniform,min,1,0.2,0.4,0.4,0.5718315099379113,1.0,1.0
0.5,0.8,uniform,min,1,0.2,0.6,0.2,0.5718315099379113,1.0,1.0
0.5,0.8,uniform,min,1,0.2,0.8,0.0,0.5718315099379113,1.0,1.0
0.5,0.8,uniform,min,1,0.4,0.0,0.6,0.5718315099379113,1.0,1.0
0.5,0.8,uniform,min,1,0.4,0.2,0.4,0.5718315099379113,1.0,1.0
0.5,0.8,uniform,min,1,0.4,0.4,0.2,0.5718315099379113,1.0,1.0
0.5,0.8,uniform,min,1,0.4,0.6,0.0,0.5718315099379113,1.0,1.0
0.5,0.8,uniform,min,1,0.6,0.0,0.4,0.5718315099379113,1.0,1.0
0.5,0.8,uniform,min,1,0.6,0.2,0.2,0.5718315099379113,1.0,1.0
0.5,0.8,uniform,min,1,0.6,0.4,0.0,0.5718315099379113,1.0,1.0
0.5,0.8,uniform,min,1,0.8,0.0,0.2,0.6050823378642765,0.9115645548665385,0.9115645554807399
0.5,0.8,uniform,min,1,0.8,0.2,0.0,0.6050823378642765,0.9115645548665385,0.9115645554807399
0.5,0.8,uniform,min,1,1.0,0.0,0.0,0.6278729745797139,0.29909170854832934,0.29909170867906826
0.5,0.8,uniform,min,2,0.0,0.0,1.0,1.0,1.0,1.0
0.5,0.8,uniform,min,2,0.0,0.2,0.8,1.0,1.0,1.0
0.5,0.8,uniform,min,2,0.0,0.4,0.6,1.0,1.0,1.0
0.5,0.8,uniform,min,2,0.0,0.6,0.4,1.0,1.0,1.0
0.5,0.8,uniform,min,2,0.0,0.8,0.2,1.0,1.0,1.0
0.5,0.8,uniform,min,2,0.0,1.0,0.0,1.0,1.0,1.0
0.5,0.8,uniform,min,2,0.2,0.0,0.8,1.0,1.0,1.0
0.5,0.8,uniform,min,2,0.2,0.2,0.6,1.0,1.0,1.0
0.5,0.8,uniform,min,2,0.2,0.4,0.4,1.0,1.0,1.0
0.5,0.8,uniform,min,2,0.2,0.6,0.2,1.0,1.0,1.0
0.5,0.8,uniform,min,2,0.2,0.8,0.0,1.0,1.0,1.0
0.5,0.8,uniform,min,2,0.4,0.0,0.6,1.0,1.0,1.0
0.5,0.8,uniform,min,2,0.4,0.2,0.4,1.0,1.0,1.0
0.5,0.8,uniform,min,2,0.4,0.4,0.2,1.0,1.0,1.0
0.5,0.8,uniform,min,2,0.4,0.6,0.0,1.0,1.0,1.0
0.5,0.8,uniform,min,2,0.6,0.0,0.4,1.0,1.0,1.0
0.5,0.8,uniform,min,2,0.6,0.2,0.2,1.0,1.0,1.0
0.5,0.8,uniform,min,2,0.6,0.4,0.0,1.0,1.0,1.0
0.5,0.8,uniform,min,2,0.8,0.0,0.2,1.0,1.0,1.0
0.5,0.8,uniform,min,2,0.8,0.2,0.0,1.0,1.0,1.0
0.5,0.8,uniform,min,2,1.0,0.0,0.0,1.0,0.1771126500572836,0.17711265005467905
0.5,0.8,uniform,sum,0,0.0,0.0,1.0,0.24431211362730595,0.9999999999999999,1.0
0.5,0.8,uniform,sum,0,0.0,0.2,0.8,0.24431211362730595,0.9999999999999999,1.0
0.5,0.8,uniform,sum,0,0.0,0.4,0.6,0.24431211362730595,0.9999999999999999,1.0
0.5,0.8,uniform,sum,0,0.0,0.6,0.4,0.24431211362730595,0.9999999999999999,1.0
0.5,0.8,uniform,sum,0,0.0,0.8,0.2,0.24431211362730595,0.9999999999999999,1.0
0.5,0.8,uniform,sum,0,0.0,1.0,0.0,0.24431211362730595,0.9999999999999999,1.0
0.5,0.8,uniform,sum,0,0.2,0.0,0.8,0.24431211362730595,0.9999999999999999,1.0
0.5,0.8,uniform,sum,0,0.2,0.2,0.6,0.24431211362730595,0.9999999999999999,1.0
0.5,0.8,uniform,sum,0,0.2,0.4,0.4,0.24431211362730595,0.9999999999999999,1.0
0.5,0.8,uniform,sum,0,0.2,0.6,0.2,0.24431211362730595,0.9999999999999999,1.0
0.5,0.8,uniform,sum,0,0.2,0.8,0.0,0.24431211362730595,0.9999999999999999,1.0
0.5,0.8,uniform,sum,0,0.4,0.0,0.6,0.24431211362730595,0.9999999999999999,1.0
0.5,0.8,uniform,sum,0,0.4,0.2,0.4,0.24431211362730595,0.9999999999999999,1.0
0.5,0.8,uniform,sum,0,0.4,0.4,0.2,0.24431211362730595,0.9999999999999999,1.0
0.5,0.8,uniform,sum,0,0.4,0.6,0.0,0.24431211362730595,0.9999999999999999,1.0
0.5,0.8,uniform,sum,0,0.6,0.0,0.4,0.24431211362730595,0.9999999999999999,1.0
0.5,0.8,uniform,sum,0,0.6,0.2,0.2,0.24431211362730595,0.9999999999999999,1.0
0.5,0.8,uniform,sum,0,0.6,0.4,0.0,0.24431211362730595,0.9999999999999999,1.0
0.5,0.8,uniform,sum,0,0.8,0.0,0.2,0.45348498168560863,0.5269420051310522,0.5269420054053074
0.5,0.8,uniform,sum,0,0.8,0.2,0.0,0.45348498168560863,0.5269420051310522,0.5269420054053074
0.5,0.8,uniform,sum,0,1.0,0.0,0.0,0.46659728350095697,0.15371231353652487,0.1537123135365249
0.5,0.8,uniform,sum,1,0.0,0.0,1.0,0.3956017748073104,1.0,1.0
0.5,0.8,uniform,sum,1,0.0,0.2,0.8,0.3956017748073104,1.0,1.0
0.5,0.8,uniform,sum,1,0.0,0.4,0.6,0.3956017748073104,1.0,1.0
0.5,0.8,uniform,sum,1,0.0,0.6,0.4,0.3956017748073104,1.0,1.0
0.5,0.8,uniform,sum,1,0.0,0.8,0.2,0.3956017748073104,1.0,1.0
0.5,0.8,uniform,sum,1,0.0,1.0,0.0,0.3956017748073104,1.0,1.0
0.5,0.8,uniform,sum,1,0.2,0.0,0.8,0.3956017748073104,1.0,1.0
0.5,0.8,uniform,sum,1,0.2,0.2,0.6,0.3956017748073104,1.0,1.0
0.5,0.8,uniform,sum,1,0.2,0.4,0.4,0.3956017748073104,1.0,1.0
0.5,0.8,uniform,sum,1,0.2,0.6,0.2,0.3956017748073104,1.0,1.0
0.5,0.8,uniform,sum,1,0.2,0.8,0.0,0.3956017748073104,1.0,1.0
0.5,0.8,uniform,sum,1,0.4,0.0,0.6,0.3956017748073104,1.0,1.0
0.5,0.8,uniform,sum,1,0.4,0.2,0.4,0.3956017748073104,1.0,1.0
0.5,0.8,uniform,sum,1,0.4,0.4,0.2,0.3956017748073104,1.0,1.0
0.5,0.8,uniform,sum,1,0.4,0.6,0.0,0.3956017748073104,1.0,1.0
0.5,0.8,uniform,sum,1,0.6,0.0,0.4,0.5718315099379113,0.8231041185490809,0.8231041183421268
0.5,0.8,uniform,sum,1,0.6,0.2,0.2,0.5718315099379113,0.8231041185490809,0.8231041183421268
0.5,0.8,uniform,sum,1,0.6,0.4,0.0,0.5718315099379113,0.8231041185490809,0.8231041183421268
0.5,0.8,uniform,sum,1,0.8,0.0,0.2,0.7124778482746934,0.4594229080138794,0.4594229080732423
0.5,0.8,uniform,sum,1,0.8,0.2,0.0,0.7124778482746934,0.4594229080138794,0.4594229080732423
0.5,0.8,uniform,sum,1,1.0,0.0,0.0,0.7124778482746934,0.3460314740981261,0.3460314741306456
0.5,0.8,uniform,sum,2,0.0,0.0,1.0,1.0,1.0,1.0
0.5,0.8,uniform,sum,2,0.0,0.2,0.8,1.0,1.0,1.0
0.5,0.8,uniform,sum,2,0.0,0.4,0.6,1.0,1.0,1.0
0.5,0.8,uniform,sum,2,0.0,0.6,0.4,1.0,1.0,1.0
0.5,0.8,uniform,sum,2,0.0,0.8,0.2,1.0,1.0,1.0
0.5,0.8,uniform,sum,2,0.0,1.0,0.0,1.0,1.0,1.0
0.5,0.8,uniform,sum,2,0.2,0.0,0.8,1.0,1.0,1.0
0.5,0.8,uniform,sum,2,0.2,0.2,0.6,1.0,1.0,1.0
0.5,0.8,uniform,sum,2,0.2,0.4,0.4,1.0,1.0,1.0
0.5,0.8,uniform,sum,2,0.2,0.6,0.2,1.0,1.0,1.0
0.5,0.8,uniform,sum,2,0.2,0.8,0.0,1.0,1.0,1.0
0.5,0.8,uniform,sum,2,0.4,0.0,0.6,1.0,1.0,1.0
0.5,0.8,uniform,sum,2,0.4,0.2,0.4,1.0,1.0,1.0
0.5,0.8,uniform,sum,2,0.4,0.4,0.2,1.0,1.0,1.0
0.5,0.8,uniform,sum,2,0.4,0.6,0.0,1.0,1.0,1.0
0.5,0.8,uniform,sum,2,0.6,0.0,0.4,1.0,1.0,1.0
0.5,0.8,uniform,sum,2,0.6,0.2,0.2,1.0,1.0,1.0
0.5,0.8,uniform,sum,2,0.6,0.4,0.0,1.0,1.0,1.0
0.5,0.8,uniform,sum,2,0.8,0.0,0.2,1.0,1.0,1.0
0.5,0.8,uniform,sum,2,0.8,0.2,0.0,1.0,1.0,1.0
0.5,0.8,uniform,sum,2,1.0,0.0,0.0,1.0,0.20503060403343168,0.2050306040298697
0.5,0.8,pareto,min,0,0.0,0.0,1.0,0.25,0.7860282834992437,1.0
0.5,0.8,pareto,min,0,0.0,0.2,0.8,0.25,0.7860282834992437,1.0
0.5,0.8,pareto,min,0,0.0,0.4,0.6,0.25,0.7860282834992437,1.0
0.5,0.8,pareto,min,0,0.0,0.6,0.4,0.25,0.7860282834992437,1.0
0.5,0.8,pareto,min,0,0.0,0.8,0.2,0.1595652746101697,1.0,0.5102236540446318
0.5,0.8,pareto,min,0,0.0,1.0,0.0,0.1595652746101697,1.0,0.5102236540446318
0.5,0.8,pareto,min,0,0.2,0.0,0.8,0.25,0.7860282834992437,1.0
0.5,0.8,pareto,min,0,0.2,0.2,0.6,0.25,0.7860282834992437,1.0
0.5,0.8,pareto,min,0,0.2,0.4,0.4,0.25,0.7860282834992437,1.0
0.5,0.8,pareto,min,0,0.2,0.6,0.2,0.1595652746101697,1.0,0.5102236540446318
0.5,0.8,pareto,min,0,0.2,0.8,0.0,0.1595652746101697,1.0,0.5102236540446318
0.5,0.8,pareto,min,0,0.4,0.0,0.6,0.25,0.7860282834992437,1.0
0.5,0.8,pareto,min,0,0.4,0.2,0.4,0.25,0.7860282834992437,1.0
0.5,0.8,pareto,min,0,0.4,0.4,0.2,0.25,0.7860282834992437,1.0
0.5,0.8,pareto,min,0,0.4,0.6,0.0,0.1595652746101697,1.0,0.5102236540446318
0.5,0.8,pareto,min,0,0.6,0.0,0.4,0.25,0.7860282834992437,1.0
0.5,0.8,pareto,min,0,0.6,0.2,0.2,0.25,0.7860282834992437,1.0
0.5,0.8,pareto,min,0,0.6,0.4,0.0,0.1595652746101697,1.0,0.5102236540446318
0.5,0.8,pareto,min,0,0.8,0.0,0.2,0.25,0.7860282834992437,1.0
0.5,0.8,pareto,min,0,0.8,0.2,0.0,0.25,0.7860282834992437,1.0
0.5,0.8,pareto,min,0,1.0,0.0,0.0,0.25,0.17231578508905118,0.21922339018379225
0.5,0.8,pareto,min,1,0.0,0.0,1.0,0.4600382945468405,1.0,1.0
0.5,0.8,pareto,min,1,0.0,0.2,0.8,0.4600382945468405,1.0,1.0
0.5,0.8,pareto,min,1,0.0,0.4,0.6,0.4600382945468405,1.0,1.0
0.5,0.8,pareto,min,1,0.0,0.6,0.4,0.4600382945468405,1.0,1.0
0.5,0.8,pareto,min,1,0.0,0.8,0.2,0.4600382945468405,1.0,1.0
0.5,0.8,pareto,min,1,0.0,1.0,0.0,0.4600382945468405,1.0,1.0
0.5,0.8,pareto,min,1,0.2,0.0,0.8,0.5718315099379113,1.0,1.0
0.5,0.8,pareto,min,1,0.2,0.2,0.6,0.5718315099379113,1.0,1.0
0.5,0.8,pareto,min,1,0.2,0.4,0.4,0.5718315099379113,1.0,1.0
0.5,0.8,pareto,min,1,0.2,0.6,0.2,0.5718315099379113,1.0,1.0
0.5,0.8,pareto,min,1,0.2,0.8,0.0,0.5718315099379113,1.0,1.0
0.5,0.8,pareto,min,1,0.4,0.0,0.6,0.5718315099379113,1.0,1.0
0.5,0.8,pareto,min,1,0.4,0.2,0.4,0.5718315099379113,1.0,1.0
0.5,0.8,pareto,min,1,0.4,0.4,0.2,0.5718315099379113,1.0,1.0
0.5,0.8,pareto,min,1,0.4,0.6,0.0,0.5718315099379113,1.0,1.0
0.5,0.8,pareto,min,1,0.6,0.0,0.4,0.5718315099379113,1.0,1.0
0.5,0.8,pareto,min,1,0.6,0.2,0.2,0.5718315099379113,1.0,1.0
0.5,0.8,pareto,min,1,0.6,0.4,0.0,0.5718315099379113,1.0,1.0
0.5,0.8,pareto,min,1,0.8,0.0,0.2,0.6050823378642765,0.6720241144398122,0.9115645554807399
0.5,0.8,pareto,min,1,0.8,0.2,0.0,0.5718315099379113,1.0,1.0
0.5,0.8,pareto,min,1,1.0,0.0,0.0,0.6278729745797139,0.24407240813031722,0.29909170867906826
0.5,0.8,pareto,min,2,0.0,0.0,1.0,0.75,1.0000000000000002,1.0
0.5,0.8,pareto,min,2,0.0,0.2,0.8,0.75,1.0000000000000002,1.0
0.5,0.8,pareto,min,2,0.0,0.4,0.6,0.75,1.0000000000000002,1.0
0.5,0.8,pareto,min,2,0.0,0.6,0.4,0.75,1.0000000000000002,1.0
0.5,0.8,pareto,min,2,0.0,0.8,0.2,0.75,1.0000000000000002,1.0
0.5,0.8,pareto,min,2,0.0,1.0,0.0,0.75,1.0000000000000002,1.0
0.5,0.8,pareto,min,2,0.2,0.0,0.8,0.75,1.0000000000000002,1.0
0.5,0.8,pareto,min,2,0.2,0.2,0.6,0.75,1.0000000000000002,1.0
0.5,0.8,pareto,min,2,0.2,0.4,0.4,0.75,1.0000000000000002,1.0
0.5,0.8,pareto,min,2,0.2,0.6,0.2,0.75,1.0000000000000002,1.0
0.5,0.8,pareto,min,2,0.2,0.8,0.0,0.75,1.0000000000000002,1.0
0.5,0.8,pareto,min,2,0.4,0.0,0.6,0.75,1.0000000000000002,1.0
0.5,0.8,pareto,min,2,0.4,0.2,0.4,0.75,1.0000000000000002,1.0
0.5,0.8,pareto,min,2,0.4,0.4,0.2,0.75,1.0000000000000002,1.0
0.5,0.8,pareto,min,2,0.4,0.6,0.0,0.75,1.0000000000000002,1.0
0.5,0.8,pareto,min,2,0.6,0.0,0.4,0.75,1.0000000000000002,1.0
0.5,0.8,pareto,min,2,0.6,0.2,0.2,0.75,1.0000000000000002,1.0
0.5,0.8,pareto,min,2,0.6,0.4,0.0,0.75,1.0000000000000002,1.0
0.5,0.8,pareto,min,2,0.8,0.0,0.2,0.75,1.0000000000000002,1.0
0.5,0.8,pareto,min,2,0.8,0.2,0.0,0.75,1.0000000000000002,1.0
0.5,0.8,pareto,min,2,1.0,0.0,0.0,0.7793903949728623,0.16166208685232836,0.16469389583007016
0.5,0.8,pareto,sum,0,0.0,0.0,1.0,0.24431211362730595,1.0,1.0
0.5,0.8,pareto,sum,0,0.0,0.2,0.8,0.24431211362730595,1.0,1.0
0.5,0.8,pareto,sum,0,0.0,0.4,0.6,0.24431211362730595,1.0,1.0
0.5,0.8,pareto,sum,0,0.0,0.6,0.4,0.24431211362730595,1.0,1.0
0.5,0.8,pareto,sum,0,0.0,0.8,0.2,0.24431211362730595,1.0,1.0
0.5,0.8,pareto,sum,0,0.0,1.0,0.0,0.24431211362730595,1.0,1.0
0.5,0.8,pareto,sum,0,0.2,0.0,0.8,0.24431211362730595,1.0,1.0
0.5,0.8,pareto,sum,0,0.2,0.2,0.6,0.24431211362730595,1.0,1.0
0.5,0.8,pareto,sum,0,0.2,0.4,0.4,0.24431211362730595,1.0,1.0
0.5,0.8,pareto,sum,0,0.2,0.6,0.2,0.24431211362730595,1.0,1.0
0.5,0.8,pareto,sum,0,0.2,0.8,0.0,0.24431211362730595,1.0,1.0
0.5,0.8,pareto,sum,0,0.4,0.0,0.6,0.24431211362730595,1.0,1.0
0.5,0.8,pareto,sum,0,0.4,0.2,0.4,0.24431211362730595,1.0,1.0
0.5,0.8,pareto,sum,0,0.4,0.4,0.2,0.24431211362730595,1.0,1.0
0.5,0.8,pareto,sum,0,0.4,0.6,0.0,0.24431211362730595,1.0,1.0
0.5,0.8,pareto,sum,0,0.6,0.0,0.4,0.24431211362730595,1.0,1.0
0.5,0.8,pareto,sum,0,0.6,0.2,0.2,0.24431211362730595,1.0,1.0
0.5,0.8,pareto,sum,0,0.6,0.4,0.0,0.24431211362730595,1.0,1.0
0.5,0.8,pareto,sum,0,0.8,0.0,0.2,0.24431211362730595,1.0,1.0
0.5,0.8,pareto,sum,0,0.8,0.2,0.0,0.24431211362730595,1.0,1.0
0.5,0.8,pareto,sum,0,1.0,0.0,0.0,0.4130215652623958,0.1537123135365249,0.1537123135365249
0.5,0.8,pareto,sum,1,0.0,0.0,1.0,0.3956017748073104,0.9034916714645618,1.0
0.5,0.8,pareto,sum,1,0.0,0.2,0.8,0.3956017748073104,0.9034916714645618,1.0
0.5,0.8,pareto,sum,1,0.0,0.4,0.6,0.3775810387313648,0.9750766413755506,0.9786737913785268
0.5,0.8,pareto,sum,1,0.0,0.6,0.4,0.3775810387313648,0.9750766413755506,0.9786737913785268
0.5,0.8,pareto,sum,1,0.0,0.8,0.2,0.3775810387313648,0.9750766413755506,0.9786737913785268
0.5,0.8,pareto,sum,1,0.0,1.0,0.0,0.4600382945468405,1.0,0.8231041183421268
0.5,0.8,pareto,sum,1,0.2,0.0,0.8,0.3956017748073104,0.9034916714645618,1.0
0.5,0.8,pareto,sum,1,0.2,0.2,0.6,0.3956017748073104,0.9034916714645618,1.0
0.5,0.8,pareto,sum,1,0.2,0.4,0.4,0.3775810387313648,0.9750766413755506,0.9786737913785268
0.5,0.8,pareto,sum,1,0.2,0.6,0.2,0.5718315099379113,1.0,0.8231041183421268
0.5,0.8,pareto,sum,1,0.2,0.8,0.0,0.5718315099379113,1.0,0.8231041183421268
0.5,0.8,pareto,sum,1,0.4,0.0,0.6,0.3956017748073104,0.9034916714645618,1.0
0.5,0.8,pareto,sum,1,0.4,0.2,0.4,0.5718315099379113,1.0,0.8231041183421268
0.5,0.8,pareto,sum,1,0.4,0.4,0.2,0.5718315099379113,1.0,0.8231041183421268
0.5,0.8,pareto,sum,1,0.4,0.6,0.0,0.5718315099379113,1.0,0.8231041183421268
0.5,0.8,pareto,sum,1,0.6,0.0,0.4,0.5718315099379113,1.0,0.8231041183421268
0.5,0.8,pareto,sum,1,0.6,0.2,0.2,0.5718315099379113,1.0,0.8231041183421268
0.5,0.8,pareto,sum,1,0.6,0.4,0.0,0.5718315099379113,1.0,0.8231041183421268
0.5,0.8,pareto,sum,1,0.8,0.0,0.2,0.7124778482746934,0.3657417834609176,0.4594229080732423
0.5,0.8,pareto,sum,1,0.8,0.2,0.0,0.5718315099379113,1.0,0.8231041183421268
0.5,0.8,pareto,sum,1,1.0,0.0,0.0,0.7124778482746934,0.2856060614199858,0.3460314741306456
0.5,0.8,pareto,sum,2,0.0,0.0,1.0,0.75,1.0000000000000002,1.0
0.5,0.8,pareto,sum,2,0.0,0.2,0.8,0.75,1.0000000000000002,1.0
0.5,0.8,pareto,sum,2,0.0,0.4,0.6,0.75,1.0000000000000002,1.0
0.5,0.8,pareto,sum,2,0.0,0.6,0.4,0.75,1.0000000000000002,1.0
0.5,0.8,pareto,sum,2,0.0,0.8,0.2,0.75,1.0000000000000002,1.0
0.5,0.8,pareto,sum,2,0.0,1.0,0.0,0.75,1.0000000000000002,1.0
0.5,0.8,pareto,sum,2,0.2,0.0,0.8,0.75,1.0000000000000002,1.0
0.5,0.8,pareto,sum,2,0.2,0.2,0.6,0.75,1.0000000000000002,1.0
0.5,0.8,pareto,sum,2,0.2,0.4,0.4,0.75,1.0000000000000002,1.0
0.5,0.8,pareto,sum,2,0.2,0.6,0.2,0.75,1.0000000000000002,1.0
0.5,0.8,pareto,sum,2,0.2,0.8,0.0,0.75,1.0000000000000002,1.0
0.5,0.8,pareto,sum,2,0.4,0.0,0.6,0.75,1.0000000000000002,1.0
0.5,0.8,pareto,sum,2,0.4,0.2,0.4,0.75,1.0000000000000002,1.0
0.5,0.8,pareto,sum,2,0.4,0.4,0.2,0.75,1.0000000000000002,1.0
0.5,0.8,pareto,sum,2,0.4,0.6,0.0,0.75,1.0000000000000002,1.0
0.5,0.8,pareto,sum,2,0.6,0.0,0.4,0.75,1.0000000000000002,1.0
0.5,0.8,pareto,sum,2,0.6,0.2,0.2,0.75,1.0000000000000002,1.0
0.5,0.8,pareto,sum,2,0.6,0.4,0.0,0.75,1.0000000000000002,1.0
0.5,0.8,pareto,sum,2,0.8,0.0,0.2,1.0,0.3779254867536405,0.3855722263627543
0.5,0.8,pareto,sum,2,0.8,0.2,0.0,1.0,0.3779254867536405,0.3855722263627543
0.5,0.8,pareto,sum,2,1.0,0.0,0.0,1.0,0.21888957207030055,0.21817711015474336
4.0,0.0,uniform,min,0,0.0,0.0,1.0,1.0,0.9999999989266304,1.0
4.0,0.0,uniform,min,0,0.0,0.2,0.8,1.0,1.0,1.0
4.0,0.0,uniform,min,0,0.0,0.4,0.6,1.0,1.0,1.0
4.0,0.0,uniform,min,0,0.0,0.6,0.4,1.0,1.0,1.0
4.0,0.0,uniform,min,0,0.0,0.8,0.2,1.0,1.0,1.0
4.0,0.0,uniform,min,0,0.0,1.0,0.0,1.0,1.0,1.0
4.0,0.0,uniform,min,0,0.2,0.0,0.8,1.0,0.9999999986045642,0.9999999999999999
4.0,0.0,uniform,min,0,0.2,0.2,0.6,1.0,1.0,1.0
4.0,0.0,uniform,min,0,0.2,0.4,0.4,1.0,1.0,1.0
4.0,0.0,uniform,min,0,0.2,0.6,0.2,1.0,1.0,1.0
4.0,0.0,uniform,min,0,0.2,0.8,0.0,1.0,1.0,1.0
4.0,0.0,uniform,min,0,0.4,0.0,0.6,1.0,0.9999999989266304,1.0
4.0,0.0,uniform,min,0,0.4,0.2,0.4,1.0,1.0,1.0
4.0,0.0,uniform,min,0,0.4,0.4,0.2,1.0,1.0,1.0
4.0,0.0,uniform,min,0,0.4,0.6,0.0,1.0,1.0,1.0
4.0,0.0,uniform,min,0,0.6,0.0,0.4,1.0,0.9999999986045642,0.9999999999999999
4.0,0.0,uniform,min,0,0.6,0.2,0.2,1.0,1.0,1.0
4.0,0.0,uniform,min,0,0.6,0.4,0.0,1.0,1.0,1.0
4.0,0.0,uniform,min,0,0.8,0.0,0.2,1.0,0.9999999986045642,0.9999999999999999
4.0,0.0,uniform,min,0,0.8,0.2,0.0,1.0,1.0,1.0
4.0,0.0,uniform,min,0,1.0,0.0,0.0,1.0,0.4826182944999034,0.48261829517336624
4.0,0.0,uniform,min,1,0.0,0.0,1.0,1.0,0.9999999996740856,1.0
4.0,0.0,uniform,min,1,0.0,0.2,0.8,1.0,1.0,0.9999999999999998
4.0,0.0,uniform,min,1,0.0,0.4,0.6,1.0,1.0,0.9999999999999998
4.0,0.0,uniform,min,1,0.0,0.6,0.4,1.0,1.0,0.9999999999999998
4.0,0.0,uniform,min,1,0.0,0.8,0.2,1.0,1.0,0.9999999999999998
4.0,0.0,uniform,min,1,0.0,1.0,0.0,1.0,1.0,0.9999999999999998
4.0,0.0,uniform,min,1,0.2,0.0,0.8,1.0,0.9999999996740856,1.0
4.0,0.0,uniform,min,1,0.2,0.2,0.6,1.0,1.0,0.9999999999999998
4.0,0.0,uniform,min,1,0.2,0.4,0.4,1.0,1.0,0.9999999999999998
4.0,0.0,uniform,min,1,0.2,0.6,0.2,1.0,1.0,0.9999999999999998
4.0,0.0,uniform,min,1,0.2,0.8,0.0,1.0,1.0,0.9999999999999998
4.0,0.0,uniform,min,1,0.4,0.0,0.6,1.0,0.9999999996740856,1.0
4.0,0.0,uniform,min,1,0.4,0.2,0.4,1.0,1.0,0.9999999999999998
4.0,0.0,uniform,min,1,0.4,0.4,0.2,1.0,1.0,0.9999999999999998
4.0,0.0,uniform,min,1,0.4,0.6,0.0,1.0,1.0,0.9999999999999998
4.0,0.0,uniform,min,1,0.6,0.0,0.4,1.0,0.9999999996740856,1.0
4.0,0.0,uniform,min,1,0.6,0.2,0.2,1.0,1.0,0.9999999999999998
4.0,0.0,uniform,min,1,0.6,0.4,0.0,1.0,1.0,0.9999999999999998
4.0,0.0,uniform,min,1,0.8,0.0,0.2,1.0,0.9999999978133398,0.9999999999999998
4.0,0.0,uniform,min,1,0.8,0.2,0.0,1.0,1.0,0.9999999999999998
4.0,0.0,uniform,min,1,1.0,0.0,0.0,1.0,0.5337603484990225,0.5337603496661749
4.0,0.0,uniform,min,2,0.0,0.0,1.0,1.0,0.9999999999866368,1.0
4.0,0.0,uniform,min,2,0.0,0.2,0.8,1.0,1.0,1.0
4.0,0.0,uniform,min,2,0.0,0.4,0.6,1.0,1.0,1.0
4.0,0.0,uniform,min,2,0.0,0.6,0.4,1.0,1.0,1.0
4.0,0.0,uniform,min,2,0.0,0.8,0.2,1.0,1.0,1.0
4.0,0.0,uniform,min,2,0.0,1.0,0.0,1.0,1.0,1.0
4.0,0.0,uniform,min,2,0.2,0.0,0.8,1.0,0.9999999999866368,1.0
4.0,0.0,uniform,min,2,0.2,0.2,0.6,1.0,1.0,1.0
4.0,0.0,uniform,min,2,0.2,0.4,0.4,1.0,1.0,1.0
4.0,0.0,uniform,min,2,0.2,0.6,0.2,1.0,1.0,1.0
4.0,0.0,uniform,min,2,0.2,0.8,0.0,1.0,1.0,1.0
4.0,0.0,uniform,min,2,0.4,0.0,0.6,1.0,0.9999999999866368,1.0
4.0,0.0,uniform,min,2,0.4,0.2,0.4,1.0,1.0,1.0
4.0,0.0,uniform,min,2,0.4,0.4,0.2,1.0,1.0,1.0
4.0,0.0,uniform,min,2,0.4,0.6,0.0,1.0,1.0,1.0
4.0,0.0,uniform,min,2,0.6,0.0,0.4,1.0,0.9999999999866368,1.0
4.0,0.0,uniform,min,2,0.6,0.2,0.2,1.0,1.0,1.0
4.0,0.0,uniform,min,2,0.6,0.4,0.0,1.0,1.0,1.0
4.0,0.0,uniform,min,2,0.8,0.0,0.2,1.0,0.9999999999866368,1.0
4.0,0.0,uniform,min,2,0.8,0.2,0.0,1.0,1.0,1.0
4.0,0.0,uniform,min,2,1.0,0.0,0.0,1.0,0.4706220711687252,0.47062207117501426
4.0,0.0,uniform,sum,0,0.0,0.0,1.0,1.0,0.9999999989266304,1.0
4.0,0.0,uniform,sum,0,0.0,0.2,0.8,1.0,1.0,1.0
4.0,0.0,uniform,sum,0,0.0,0.4,0.6,1.0,1.0,1.0
4.0,0.0,uniform,sum,0,0.0,0.6,0.4,1.0,1.0,1.0
4.0,0.0,uniform,sum,0,0.0,0.8,0.2,1.0,1.0,1.0
4.0,0.0,uniform,sum,0,0.0,1.0,0.0,1.0,1.0,1.0
4.0,0.0,uniform,sum,0,0.2,0.0,0.8,1.0,0.9999999986045642,0.9999999999999999
4.0,0.0,uniform,sum,0,0.2,0.2,0.6,1.0,1.0,1.0
4.0,0.0,uniform,sum,0,0.2,0.4,0.4,1.0,1.0,1.0
4.0,0.0,uniform,sum,0,0.2,0.6,0.2,1.0,1.0,1.0
4.0,0.0,uniform,sum,0,0.2,0.8,0.0,1.0,1.0,1.0
4.0,0.0,uniform,sum,0,0.4,0.0,0.6,1.0,0.9999999989266304,1.0
4.0,0.0,uniform,sum,0,0.4,0.2,0.4,1.0,1.0,1.0
4.0,0.0,uniform,sum,0,0.4,0.4,0.2,1.0,1.0,1.0
4.0,0.0,uniform,sum,0,0.4,0.6,0.0,1.0,1.0,1.0
4.0,0.0,uniform,sum,0,0.6,0.0,0.4,1.0,0.9999999986045642,0.9999999999999999
4.0,0.0,uniform,sum,0,0.6,0.2,0.2,1.0,1.0,1.0
4.0,0.0,uniform,sum,0,0.6,0.4,0.0,1.0,1.0,1.0
4.0,0.0,uniform,sum,0,0.8,0.0,0.2,1.0,0.9999999986045642,0.9999999999999999
4.0,0.0,uniform,sum,0,0.8,0.2,0.0,1.0,1.0,1.0
4.0,0.0,uniform,sum,0,1.0,0.0,0.0,1.0,0.4826182944999034,0.48261829517336624
4.0,0.0,uniform,sum,1,0.0,0.0,1.0,1.0,0.9999999996740856,1.0
4.0,0.0,uniform,sum,1,0.0,0.2,0.8,1.0,1.0,0.9999999999999998
4.0,0.0,uniform,sum,1,0.0,0.4,0.6,1.0,1.0,0.9999999999999998
4.0,0.0,uniform,sum,1,0.0,0.6,0.4,1.0,1.0,0.9999999999999998
4.0,0.0,uniform,sum,1,0.0,0.8,0.2,1.0,1.0,0.9999999999999998
4.0,0.0,uniform,sum,1,0.0,1.0,0.0,1.0,1.0,0.9999999999999998
4.0,0.0,uniform,sum,1,0.2,0.0,0.8,1.0,0.9999999996740856,1.0
4.0,0.0,uniform,sum,1,0.2,0.2,0.6,1.0,1.0,0.9999999999999998
4.0,0.0,uniform,sum,1,0.2,0.4,0.4,1.0,1.0,0.9999999999999998
4.0,0.0,uniform,sum,1,0.2,0.6,0.2,1.0,1.0,0.9999999999999998
4.0,0.0,uniform,sum,1,0.2,0.8,0.0,1.0,1.0,0.9999999999999998
4.0,0.0,uniform,sum,1,0.4,0.0,0.6,1.0,0.9999999996740856,1.0
4.0,0.0,uniform,sum,1,0.4,0.2,0.4,1.0,1.0,0.9999999999999998
4.0,0.0,uniform,sum,1,0.4,0.4,0.2,1.0,1.0,0.9999999999999998
4.0,0.0,uniform,sum,1,0.4,0.6,0.0,1.0,1.0,0.9999999999999998
4.0,0.0,uniform,sum,1,0.6,0.0,0.4,1.0,0.9999999996740856,1.0
4.0,0.0,uniform,sum,1,0.6,0.2,0.2,1.0,1.0,0.9999999999999998
4.0,0.0,uniform,sum,1,0.6,0.4,0.0,1.0,1.0,0.9999999999999998
4.0,0.0,uniform,sum,1,0.8,0.0,0.2,1.0,0.9999999978133398,0.9999999999999998
4.0,0.0,uniform,sum,1,0.8,0.2,0.0,1.0,1.0,0.9999999999999998
4.0,0.0,uniform,sum,1,1.0,0.0,0.0,1.0,0.5337603484990225,0.5337603496661749
4.0,0.0,uniform,sum,2,0.0,0.0,1.0,1.0,0.9999999999866368,1.0
4.0,0.0,uniform,sum,2,0.0,0.2,0.8,1.0,1.0,1.0
4.0,0.0,uniform,sum,2,0.0,0.4,0.6,1.0,1.0,1.0
4.0,0.0,uniform,sum,2,0.0,0.6,0.4,1.0,1.0,1.0
4.0,0.0,uniform,sum,2,0.0,0.8,0.2,1.0,1.0,1.0
4.0,0.0,uniform,sum,2,0.0,1.0,0.0,1.0,1.0,1.0
4.0,0.0,uniform,sum,2,0.2,0.0,0.8,1.0,0.9999999999866368,1.0
4.0,0.0,uniform,sum,2,0.2,0.2,0.6,1.0,1.0,1.0
4.0,0.0,uniform,sum,2,0.2,0.4,0.4,1.0,1.0,1.0
4.0,0.0,uniform,sum,2,0.2,0.6,0.2,1.0,1.0,1.0
4.0,0.0,uniform,sum,2,0.2,0.8,0.0,1.0,1.0,1.0
4.0,0.0,uniform,sum,2,0.4,0.0,0.6,1.0,0.9999999999866368,1.0
4.0,0.0,uniform,sum,2,0.4,0.2,0.4,1.0,1.0,1.0
4.0,0.0,uniform,sum,2,0.4,0.4,0.2,1.0,1.0,1.0
4.0,0.0,uniform,sum,2,0.4,0.6,0.0,1.0,1.0,1.0
4.0,0.0,uniform,sum,2,0.6,0.0,0.4,1.0,0.9999999999866368,1.0
4.0,0.0,uniform,sum,2,0.6,0.2,0.2,1.0,1.0,1.0
4.0,0.0,uniform,sum,2,0.6,0.4,0.0,1.0,1.0,1.0
4.0,0.0,uniform,sum,2,0.8,0.0,0.2,1.0,0.9999999999866368,1.0
4.0,0.0,uniform,sum,2,0.8,0.2,0.0,1.0,1.0,1.0
4.0,0.0,uniform,sum,2,1.0,0.0,0.0,1.0,0.4706220711687252,0.47062207117501426
4.0,0.0,pareto,min,0,0.0,0.0,1.0,0.5,0.7249909976828114,1.0
4.0,0.0,pareto,min,0,0.0,0.2,0.8,0.5,1.0,1.0
4.0,0.0,pareto,min,0,0.0,0.4,0.6,0.5,1.0,1.0
4.0,0.0,pareto,min,0,0.0,0.6,0.4,0.5,1.0,1.0
4.0,0.0,pareto,min,0,0.0,0.8,0.2,0.5,1.0,1.0
4.0,0.0,pareto,min,0,0.0,1.0,0.0,0.5,1.0,1.0
4.0,0.0,pareto,min,0,0.2,0.0,0.8,0.5,0.7249909976828114,1.0
4.0,0.0,pareto,min,0,0.2,0.2,0.6,0.5,1.0,1.0
4.0,0.0,pareto,min,0,0.2,0.4,0.4,0.5,1.0,1.0
4.0,0.0,pareto,min,0,0.2,0.6,0.2,0.5,1.0,1.0
4.0,0.0,pareto,min,0,0.2,0.8,0.0,0.5,1.0,1.0
4.0,0.0,pareto,min,0,0.4,0.0,0.6,0.5,0.7249909976828114,1.0
4.0,0.0,pareto,min,0,0.4,0.2,0.4,0.5,1.0,1.0
4.0,0.0,pareto,min,0,0.4,0.4,0.2,0.5,1.0,1.0
4.0,0.0,pareto,min,0,0.4,0.6,0.0,0.5,1.0,1.0
4.0,0.0,pareto,min,0,0.6,0.0,0.4,0.5,0.7249909976828114,1.0
4.0,0.0,pareto,min,0,0.6,0.2,0.2,0.5,1.0,1.0
4.0,0.0,pareto,min,0,0.6,0.4,0.0,0.5,1.0,1.0
4.0,0.0,pareto,min,0,0.8,0.0,0.2,0.5,0.7249909976828114,1.0
4.0,0.0,pareto,min,0,0.8,0.2,0.0,0.5,1.0,1.0
4.0,0.0,pareto,min,0,1.0,0.0,0.0,0.5,0.3832983054682511,0.5286938826734878
4.0,0.0,pareto,min,1,0.0,0.0,1.0,1.0,0.8280727413715461,1.0
4.0,0.0,pareto,min,1,0.0,0.2,0.8,1.0,1.0,0.9999999999999998
4.0,0.0,pareto,min,1,0.0,0.4,0.6,1.0,1.0,0.9999999999999998
4.0,0.0,pareto,min,1,0.0,0.6,0.4,1.0,1.0,0.9999999999999998
4.0,0.0,pareto,min,1,0.0,0.8,0.2,1.0,1.0,0.9999999999999998
4.0,0.0,pareto,min,1,0.0,1.0,0.0,1.0,1.0,0.9999999999999998
4.0,0.0,pareto,min,1,0.2,0.0,0.8,1.0,0.8280727413715461,1.0
4.0,0.0,pareto,min,1,0.2,0.2,0.6,1.0,1.0,0.9999999999999998
4.0,0.0,pareto,min,1,0.2,0.4,0.4,1.0,1.0,0.9999999999999998
4.0,0.0,pareto,min,1,0.2,0.6,0.2,1.0,1.0,0.9999999999999998
4.0,0.0,pareto,min,1,0.2,0.8,0.0,1.0,1.0,0.9999999999999998
4.0,0.0,pareto,min,1,0.4,0.0,0.6,1.0,0.8280727413715461,1.0
4.0,0.0,pareto,min,1,0.4,0.2,0.4,1.0,1.0,0.9999999999999998
4.0,0.0,pareto,min,1,0.4,0.4,0.2,1.0,1.0,0.9999999999999998
4.0,0.0,pareto,min,1,0.4,0.6,0.0,1.0,1.0,0.9999999999999998
4.0,0.0,pareto,min,1,0.6,0.0,0.4,1.0,0.8280727413715461,1.0
4.0,0.0,pareto,min,1,0.6,0.2,0.2,1.0,1.0,0.9999999999999998
4.0,0.0,pareto,min,1,0.6,0.4,0.0,1.0,1.0,0.9999999999999998
4.0,0.0,pareto,min,1,0.8,0.0,0.2,1.0,0.23275391343148247,0.9999999999999998
4.0,0.0,pareto,min,1,0.8,0.2,0.0,1.0,1.0,0.9999999999999998
4.0,0.0,pareto,min,1,1.0,0.0,0.0,1.0,0.12423481021935873,0.5337603496661749
4.0,0.0,pareto,min,2,0.0,0.0,1.0,1.0,0.973683966705532,1.0
4.0,0.0,pareto,min,2,0.0,0.2,0.8,1.0,1.0,1.0
4.0,0.0,pareto,min,2,0.0,0.4,0.6,1.0,1.0,1.0
4.0,0.0,pareto,min,2,0.0,0.6,0.4,1.0,1.0,1.0
4.0,0.0,pareto,min,2,0.0,0.8,0.2,1.0,1.0,1.0
4.0,0.0,pareto,min,2,0.0,1.0,0.0,1.0,1.0,1.0
4.0,0.0,pareto,min,2,0.2,0.0,0.8,1.0,0.973683966705532,1.0
4.0,0.0,pareto,min,2,0.2,0.2,0.6,1.0,1.0,1.0
4.0,0.0,pareto,min,2,0.2,0.4,0.4,1.0,1.0,1.0
4.0,0.0,pareto,min,2,0.2,0.6,0.2,1.0,1.0,1.0
4.0,0.0,pareto,min,2,0.2,0.8,0.0,1.0,1.0,1.0
4.0,0.0,pareto,min,2,0.4,0.0,0.6,1.0,0.973683966705532,1.0
4.0,0.0,pareto,min,2,0.4,0.2,0.4,1.0,1.0,1.0
4.0,0.0,pareto,min,2,0.4,0.4,0.2,1.0,1.0,1.0
4.0,0.0,pareto,min,2,0.4,0.6,0.0,1.0,1.0,1.0
4.0,0.0,pareto,min,2,0.6,0.0,0.4,1.0,0.973683966705532,1.0
4.0,0.0,pareto,min,2,0.6,0.2,0.2,1.0,1.0,1.0
4.0,0.0,pareto,min,2,0.6,0.4,0.0,1.0,1.0,1.0
4.0,0.0,pareto,min,2,0.8,0.0,0.2,1.0,0.973683966705532,1.0
4.0,0.0,pareto,min,2,0.8,0.2,0.0,1.0,1.0,1.0
4.0,0.0,pareto,min,2,1.0,0.0,0.0,1.0,0.7266003803913228,0.7462384153759678
4.0,0.0,pareto,sum,0,0.0,0.0,1.0,0.75,1.0,1.0
4.0,0.0,pareto,sum,0,0.0,0.2,0.8,0.75,1.0,1.0
4.0,0.0,pareto,sum,0,0.0,0.4,0.6,0.75,1.0,1.0
4.0,0.0,pareto,sum,0,0.0,0.6,0.4,0.75,1.0,1.0
4.0,0.0,pareto,sum,0,0.0,0.8,0.2,0.75,1.0,1.0
4.0,0.0,pareto,sum,0,0.0,1.0,0.0,0.75,1.0,1.0
4.0,0.0,pareto,sum,0,0.2,0.0,0.8,0.75,1.0,1.0
4.0,0.0,pareto,sum,0,0.2,0.2,0.6,0.75,1.0,1.0
4.0,0.0,pareto,sum,0,0.2,0.4,0.4,0.75,1.0,1.0
4.0,0.0,pareto,sum,0,0.2,0.6,0.2,0.75,1.0,1.0
4.0,0.0,pareto,sum,0,0.2,0.8,0.0,0.75,1.0,1.0
4.0,0.0,pareto,sum,0,0.4,0.0,0.6,0.75,1.0,1.0
4.0,0.0,pareto,sum,0,0.4,0.2,0.4,0.75,1.0,1.0
4.0,0.0,pareto,sum,0,0.4,0.4,0.2,0.75,1.0,1.0
4.0,0.0,pareto,sum,0,0.4,0.6,0.0,0.75,1.0,1.0
4.0,0.0,pareto,sum,0,0.6,0.0,0.4,0.75,1.0,1.0
4.0,0.0,pareto,sum,0,0.6,0.2,0.2,0.75,1.0,1.0
4.0,0.0,pareto,sum,0,0.6,0.4,0.0,0.75,1.0,1.0
4.0,0.0,pareto,sum,0,0.8,0.0,0.2,0.75,1.0,1.0
4.0,0.0,pareto,sum,0,0.8,0.2,0.0,0.75,1.0,1.0
4.0,0.0,pareto,sum,0,1.0,0.0,0.0,0.75,0.5286938826734878,0.5286938826734878
4.0,0.0,pareto,sum,1,0.0,0.0,1.0,1.0,0.8280727413715461,1.0
4.0,0.0,pareto,sum,1,0.0,0.2,0.8,1.0,1.0,0.9999999999999998
4.0,0.0,pareto,sum,1,0.0,0.4,0.6,1.0,1.0,0.9999999999999998
4.0,0.0,pareto,sum,1,0.0,0.6,0.4,1.0,1.0,0.9999999999999998
4.0,0.0,pareto,sum,1,0.0,0.8,0.2,1.0,1.0,0.9999999999999998
4.0,0.0,pareto,sum,1,0.0,1.0,0.0,1.0,1.0,0.9999999999999998
4.0,0.0,pareto,sum,1,0.2,0.0,0.8,1.0,0.8280727413715461,1.0
4.0,0.0,pareto,sum,1,0.2,0.2,0.6,1.0,1.0,0.9999999999999998
4.0,0.0,pareto,sum,1,0.2,0.4,0.4,1.0,1.0,0.9999999999999998
4.0,0.0,pareto,sum,1,0.2,0.6,0.2,1.0,1.0,0.9999999999999998
4.0,0.0,pareto,sum,1,0.2,0.8,0.0,1.0,1.0,0.9999999999999998
4.0,0.0,pareto,sum,1,0.4,0.0,0.6,1.0,0.8280727413715461,1.0
4.0,0.0,pareto,sum,1,0.4,0.2,0.4,1.0,1.0,0.9999999999999998
4.0,0.0,pareto,sum,1,0.4,0.4,0.2,1.0,1.0,0.9999999999999998
4.0,0.0,pareto,sum,1,0.4,0.6,0.0,1.0,1.0,0.9999999999999998
4.0,0.0,pareto,sum,1,0.6,0.0,0.4,1.0,0.8280727413715461,1.0
4.0,0.0,pareto,sum,1,0.6,0.2,0.2,1.0,1.0,0.9999999999999998
4.0,0.0,pareto,sum,1,0.6,0.4,0.0,1.0,1.0,0.9999999999999998
4.0,0.0,pareto,sum,1,0.8,0.0,0.2,1.0,0.23275391343148247,0.9999999999999998
4.0,0.0,pareto,sum,1,0.8,0.2,0.0,1.0,1.0,0.9999999999999998
4.0,0.0,pareto,sum,1,1.0,0.0,0.0,1.0,0.12423481021935873,0.5337603496661749
4.0,0.0,pareto,sum,2,0.0,0.0,1.0,1.0,0.973683966705532,1.0
4.0,0.0,pareto,sum,2,0.0,0.2,0.8,1.0,1.0,1.0
4.0,0.0,pareto,sum,2,0.0,0.4,0.6,1.0,1.0,1.0
4.0,0.0,pareto,sum,2,0.0,0.6,0.4,1.0,1.0,1.0
4.0,0.0,pareto,sum,2,0.0,0.8,0.2,1.0,1.0,1.0
4.0,0.0,pareto,sum,2,0.0,1.0,0.0,1.0,1.0,1.0
4.0,0.0,pareto,sum,2,0.2,0.0,0.8,1.0,0.973683966705532,1.0
4.0,0.0,pareto,sum,2,0.2,0.2,0.6,1.0,1.0,1.0
4.0,0.0,pareto,sum,2,0.2,0.4,0.4,1.0,1.0,1.0
4.0,0.0,pareto,sum,2,0.2,0.6,0.2,1.0,1.0,1.0
4.0,0.0,pareto,sum,2,0.2,0.8,0.0,1.0,1.0,1.0
4.0,0.0,pareto,sum,2,0.4,0.0,0.6,1.0,0.973683966705532,1.0
4.0,0.0,pareto,sum,2,0.4,0.2,0.4,1.0,1.0,1.0
4.0,0.0,pareto,sum,2,0.4,0.4,0.2,1.0,1.0,1.0
4.0,0.0,pareto,sum,2,0.4,0.6,0.0,1.0,1.0,1.0
4.0,0.0,pareto,sum,2,0.6,0.0,0.4,1.0,0.973683966705532,1.0
4.0,0.0,pareto,sum,2,0.6,0.2,0.2,1.0,1.0,1.0
4.0,0.0,pareto,sum,2,0.6,0.4,0.0,1.0,1.0,1.0
4.0,0.0,pareto,sum,2,0.8,0.0,0.2,1.0,0.973683966705532,1.0
4.0,0.0,pareto,sum,2,0.8,0.2,0.0,1.0,1.0,1.0
4.0,0.0,pareto,sum,2,1.0,0.0,0.0,1.0,0.7266003803913228,0.7462384153759678
4.0,0.8,uniform,min,0,0.0,0.0,1.0,1.0,0.9999999999999999,1.0
4.0,0.8,uniform,min,0,0.0,0.2,0.8,1.0,0.9999999999999999,1.0
4.0,0.8,uniform,min,0,0.0,0.4,0.6,1.0,0.9999999999999999,1.0
4.0,0.8,uniform,min,0,0.0,0.6,0.4,1.0,0.9999999999999999,1.0
4.0,0.8,uniform,min,0,0.0,0.8,0.2,1.0,0.9999999999999999,1.0
4.0,0.8,uniform,min,0,0.0,1.0,0.0,1.0,0.9999999999999999,1.0
4.0,0.8,uniform,min,0,0.2,0.0,0.8,1.0,0.9999999999999999,1.0
4.0,0.8,uniform,min,0,0.2,0.2,0.6,1.0,0.9999999999999999,1.0
4.0,0.8,uniform,min,0,0.2,0.4,0.4,1.0,0.9999999999999999,1.0
4.0,0.8,uniform,min,0,0.2,0.6,0.2,1.0,0.9999999999999999,1.0
4.0,0.8,uniform,min,0,0.2,0.8,0.0,1.0,0.9999999999999999,1.0
4.0,0.8,uniform,min,0,0.4,0.0,0.6,1.0,0.9999999999999999,1.0
4.0,0.8,uniform,min,0,0.4,0.2,0.4,1.0,0.9999999999999999,1.0
4.0,0.8,uniform,min,0,0.4,0.4,0.2,1.0,0.9999999999999999,1.0
4.0,0.8,uniform,min,0,0.4,0.6,0.0,1.0,0.9999999999999999,1.0
4.0,0.8,uniform,min,0,0.6,0.0,0.4,1.0,0.9999999999999999,1.0
4.0,0.8,uniform,min,0,0.6,0.2,0.2,1.0,0.9999999999999999,1.0
4.0,0.8,uniform,min,0,0.6,0.4,0.0,1.0,0.9999999999999999,1.0
4.0,0.8,uniform,min,0,0.8,0.0,0.2,1.0,0.9999999999999999,1.0
4.0,0.8,uniform,min,0,0.8,0.2,0.0,1.0,0.9999999999999999,1.0
4.0,0.8,uniform,min,0,1.0,0.0,0.0,1.0,0.23443249430160684,0.23443249458286086
4.0,0.8,uniform,min,1,0.0,0.0,1.0,1.0,0.9999999999756085,1.0
4.0,0.8,uniform,min,1,0.0,0.2,0.8,1.0,0.9999999999999999,1.0
4.0,0.8,uniform,min,1,0.0,0.4,0.6,1.0,0.9999999999999999,1.0
4.0,0.8,uniform,min,1,0.0,0.6,0.4,1.0,0.9999999999999999,1.0
4.0,0.8,uniform,min,1,0.0,0.8,0.2,1.0,0.9999999999999999,1.0
4.0,0.8,uniform,min,1,0.0,1.0,0.0,1.0,0.9999999999999999,1.0
4.0,0.8,uniform,min,1,0.2,0.0,0.8,1.0,0.9999999999756085,1.0
4.0,0.8,uniform,min,1,0.2,0.2,0.6,1.0,0.9999999999999999,1.0
4.0,0.8,uniform,min,1,0.2,0.4,0.4,1.0,0.9999999999999999,1.0
4.0,0.8,uniform,min,1,0.2,0.6,0.2,1.0,0.9999999999999999,1.0
4.0,0.8,uniform,min,1,0.2,0.8,0.0,1.0,0.9999999999999999,1.0
4.0,0.8,uniform,min,1,0.4,0.0,0.6,1.0,0.9999999999756085,1.0
4.0,0.8,uniform,min,1,0.4,0.2,0.4,1.0,0.9999999999999999,1.0
4.0,0.8,uniform,min,1,0.4,0.4,0.2,1.0,0.9999999999999999,1.0
4.0,0.8,uniform,min,1,0.4,0.6,0.0,1.0,0.9999999999999999,1.0
4.0,0.8,uniform,min,1,0.6,0.0,0.4,1.0,0.9999999999756085,1.0
4.0,0.8,uniform,min,1,0.6,0.2,0.2,1.0,0.9999999999999999,1.0
4.0,0.8,uniform,min,1,0.6,0.4,0.0,1.0,0.9999999999999999,1.0
4.0,0.8,uniform,min,1,0.8,0.0,0.2,1.0,0.9999999999756085,1.0
4.0,0.8,uniform,min,1,0.8,0.2,0.0,1.0,0.9999999999999999,1.0
4.0,0.8,uniform,min,1,1.0,0.0,0.0,1.0,0.3325519812040765,0.3325519818016962
4.0,0.8,uniform,min,2,0.0,0.0,1.0,1.0,1.0,1.0
4.0,0.8,uniform,min,2,0.0,0.2,0.8,1.0,1.0,1.0
4.0,0.8,uniform,min,2,0.0,0.4,0.6,1.0,1.0,1.0
4.0,0.8,uniform,min,2,0.0,0.6,0.4,1.0,1.0,1.0
4.0,0.8,uniform,min,2,0.0,0.8,0.2,1.0,1.0,1.0
4.0,0.8,uniform,min,2,0.0,1.0,0.0,1.0,1.0,1.0
4.0,0.8,uniform,min,2,0.2,0.0,0.8,1.0,1.0,1.0
4.0,0.8,uniform,min,2,0.2,0.2,0.6,1.0,1.0,1.0
4.0,0.8,uniform,min,2,0.2,0.4,0.4,1.0,1.0,1.0
4.0,0.8,uniform,min,2,0.2,0.6,0.2,1.0,1.0,1.0
4.0,0.8,uniform,min,2,0.2,0.8,0.0,1.0,1.0,1.0
4.0,0.8,uniform,min,2,0.4,0.0,0.6,1.0,1.0,1.0
4.0,0.8,uniform,min,2,0.4,0.2,0.4,1.0,1.0,1.0
4.0,0.8,uniform,min,2,0.4,0.4,0.2,1.0,1.0,1.0
4.0,0.8,uniform,min,2,0.4,0.6,0.0,1.0,1.0,1.0
4.0,0.8,uniform,min,2,0.6,0.0,0.4,1.0,1.0,1.0
4.0,0.8,uniform,min,2,0.6,0.2,0.2,1.0,1.0,1.0
4.0,0.8,uniform,min,2,0.6,0.4,0.0,1.0,1.0,1.0
4.0,0.8,uniform,min,2,0.8,0.0,0.2,1.0,1.0,1.0
4.0,0.8,uniform,min,2,0.8,0.2,0.0,1.0,1.0,1.0
4.0,0.8,uniform,min,2,1.0,0.0,0.0,1.0,0.1673293785677303,0.16732937856746474
4.0,0.8,uniform,sum,0,0.0,0.0,1.0,1.0,0.9999999999999999,1.0
4.0,0.8,uniform,sum,0,0.0,0.2,0.8,1.0,0.9999999999999999,1.0
4.0,0.8,uniform,sum,0,0.0,0.4,0.6,1.0,0.9999999999999999,1.0
4.0,0.8,uniform,sum,0,0.0,0.6,0.4,1.0,0.9999999999999999,1.0
4.0,0.8,uniform,sum,0,0.0,0.8,0.2,1.0,0.9999999999999999,1.0
4.0,0.8,uniform,sum,0,0.0,1.0,0.0,1.0,0.9999999999999999,1.0
4.0,0.8,uniform,sum,0,0.2,0.0,0.8,1.0,0.9999999999999999,1.0
4.0,0.8,uniform,sum,0,0.2,0.2,0.6,1.0,0.9999999999999999,1.0
4.0,0.8,uniform,sum,0,0.2,0.4,0.4,1.0,0.9999999999999999,1.0
4.0,0.8,uniform,sum,0,0.2,0.6,0.2,1.0,0.9999999999999999,1.0
4.0,0.8,uniform,sum,0,0.2,0.8,0.0,1.0,0.9999999999999999,1.0
4.0,0.8,uniform,sum,0,0.4,0.0,0.6,1.0,0.9999999999999999,1.0
4.0,0.8,uniform,sum,0,0.4,0.2,0.4,1.0,0.9999999999999999,1.0
4.0,0.8,uniform,sum,0,0.4,0.4,0.2,1.0,0.9999999999999999,1.0
4.0,0.8,uniform,sum,0,0.4,0.6,0.0,1.0,0.9999999999999999,1.0
4.0,0.8,uniform,sum,0,0.6,0.0,0.4,1.0,0.9999999999999999,1.0
4.0,0.8,uniform,sum,0,0.6,0.2,0.2,1.0,0.9999999999999999,1.0
4.0,0.8,uniform,sum,0,0.6,0.4,0.0,1.0,0.9999999999999999,1.0
4.0,0.8,uniform,sum,0,0.8,0.0,0.2,1.0,0.9999999999999999,1.0
4.0,0.8,uniform,sum,0,0.8,0.2,0.0,1.0,0.9999999999999999,1.0
4.0,0.8,uniform,sum,0,1.0,0.0,0.0,1.0,0.23443249430160684,0.23443249458286086
4.0,0.8,uniform,sum,1,0.0,0.0,1.0,1.0,0.9999999999756085,1.0
4.0,0.8,uniform,sum,1,0.0,0.2,0.8,1.0,0.9999999999999999,1.0
4.0,0.8,uniform,sum,1,0.0,0.4,0.6,1.0,0.9999999999999999,1.0
4.0,0.8,uniform,sum,1,0.0,0.6,0.4,1.0,0.9999999999999999,1.0
4.0,0.8,uniform,sum,1,0.0,0.8,0.2,1.0,0.9999999999999999,1.0
4.0,0.8,uniform,sum,1,0.0,1.0,0.0,1.0,0.9999999999999999,1.0
4.0,0.8,uniform,sum,1,0.2,0.0,0.8,1.0,0.9999999999756085,1.0
4.0,0.8,uniform,sum,1,0.2,0.2,0.6,1.0,0.9999999999999999,1.0
4.0,0.8,uniform,sum,1,0.2,0.4,0.4,1.0,0.9999999999999999,1.0
4.0,0.8,uniform,sum,1,0.2,0.6,0.2,1.0,0.9999999999999999,1.0
4.0,0.8,uniform,sum,1,0.2,0.8,0.0,1.0,0.9999999999999999,1.0
4.0,0.8,uniform,sum,1,0.4,0.0,0.6,1.0,0.9999999999756085,1.0
4.0,0.8,uniform,sum,1,0.4,0.2,0.4,1.0,0.9999999999999999,1.0
4.0,0.8,uniform,sum,1,0.4,0.4,0.2,1.0,0.9999999999999999,1.0
4.0,0.8,uniform,sum,1,0.4,0.6,0.0,1.0,0.9999999999999999,1.0
4.0,0.8,uniform,sum,1,0.6,0.0,0.4,1.0,0.9999999999756085,1.0
4.0,0.8,uniform,sum,1,0.6,0.2,0.2,1.0,0.9999999999999999,1.0
4.0,0.8,uniform,sum,1,0.6,0.4,0.0,1.0,0.9999999999999999,1.0
4.0,0.8,uniform,sum,1,0.8,0.0,0.2,1.0,0.9999999999756085,1.0
4.0,0.8,uniform,sum,1,0.8,0.2,0.0,1.0,0.9999999999999999,1.0
4.0,0.8,uniform,sum,1,1.0,0.0,0.0,1.0,0.3325519812040765,0.3325519818016962
4.0,0.8,uniform,sum,2,0.0,0.0,1.0,1.0,1.0,1.0
4.0,0.8,uniform,sum,2,0.0,0.2,0.8,1.0,1.0,1.0
4.0,0.8,uniform,sum,2,0.0,0.4,0.6,1.0,1.0,1.0
4.0,0.8,uniform,sum,2,0.0,0.6,0.4,1.0,1.0,1.0
4.0,0.8,uniform,sum,2,0.0,0.8,0.2,1.0,1.0,1.0
4.0,0.8,uniform,sum,2,0.0,1.0,0.0,1.0,1.0,1.0
4.0,0.8,uniform,sum,2,0.2,0.0,0.8,1.0,1.0,1.0
4.0,0.8,uniform,sum,2,0.2,0.2,0.6,1.0,1.0,1.0
4.0,0.8,uniform,sum,2,0.2,0.4,0.4,1.0,1.0,1.0
4.0,0.8,uniform,sum,2,0.2,0.6,0.2,1.0,1.0,1.0
4.0,0.8,uniform,sum,2,0.2,0.8,0.0,1.0,1.0,1.0
4.0,0.8,uniform,sum,2,0.4,0.0,0.6,1.0,1.0,1.0
4.0,0.8,uniform,sum,2,0.4,0.2,0.4,1.0,1.0,1.0
4.0,0.8,uniform,sum,2,0.4,0.4,0.2,1.0,1.0,1.0
4.0,0.8,uniform,sum,2,0.4,0.6,0.0,1.0,1.0,1.0
4.0,0.8,uniform,sum,2,0.6,0.0,0.4,1.0,1.0,1.0
4.0,0.8,uniform,sum,2,0.6,0.2,0.2,1.0,1.0,1.0
4.0,0.8,uniform,sum,2,0.6,0.4,0.0,1.0,1.0,1.0
4.0,0.8,uniform,sum,2,0.8,0.0,0.2,1.0,1.0,1.0
4.0,0.8,uniform,sum,2,0.8,0.2,0.0,1.0,1.0,1.0
4.0,0.8,uniform,sum,2,1.0,0.0,0.0,1.0,0.1673293785677303,0.16732937856746474
4.0,0.8,pareto,min,0,0.0,0.0,1.0,0.22303038300259334,0.9999999999999999,1.0
4.0,0.8,pareto,min,0,0.0,0.2,0.8,0.22303038300259334,0.9999999999999999,1.0
4.0,0.8,pareto,min,0,0.0,0.4,0.6,0.22303038300259334,0.9999999999999999,1.0
4.0,0.8,pareto,min,0,0.0,0.6,0.4,0.22303038300259334,0.9999999999999999,1.0
4.0,0.8,pareto,min,0,0.0,0.8,0.2,0.22303038300259334,0.9999999999999999,1.0
4.0,0.8,pareto,min,0,0.0,1.0,0.0,0.22303038300259334,0.9999999999999999,1.0
4.0,0.8,pareto,min,0,0.2,0.0,0.8,0.22303038300259334,0.9999999999999999,1.0
4.0,0.8,pareto,min,0,0.2,0.2,0.6,0.22303038300259334,0.9999999999999999,1.0
4.0,0.8,pareto,min,0,0.2,0.4,0.4,0.22303038300259334,0.9999999999999999,1.0
4.0,0.8,pareto,min,0,0.2,0.6,0.2,0.22303038300259334,0.9999999999999999,1.0
4.0,0.8,pareto,min,0,0.2,0.8,0.0,0.22303038300259334,0.9999999999999999,1.0
4.0,0.8,pareto,min,0,0.4,0.0,0.6,0.22303038300259334,0.9999999999999999,1.0
4.0,0.8,pareto,min,0,0.4,0.2,0.4,0.22303038300259334,0.9999999999999999,1.0
4.0,0.8,pareto,min,0,0.4,0.4,0.2,0.22303038300259334,0.9999999999999999,1.0
4.0,0.8,pareto,min,0,0.4,0.6,0.0,0.22303038300259334,0.9999999999999999,1.0
4.0,0.8,pareto,min,0,0.6,0.0,0.4,0.22303038300259334,0.9999999999999999,1.0
4.0,0.8,pareto,min,0,0.6,0.2,0.2,0.5,0.7876973460181177,0.5517462591608818
4.0,0.8,pareto,min,0,0.6,0.4,0.0,0.5,0.7876973460181177,0.5517462591608818
4.0,0.8,pareto,min,0,0.8,0.0,0.2,0.5,0.7876973460181177,0.5517462591608818
4.0,0.8,pareto,min,0,0.8,0.2,0.0,0.5,0.7876973460181177,0.5517462591608818
4.0,0.8,pareto,min,0,1.0,0.0,0.0,0.5,0.18061219678464258,0.20383882445712947
4.0,0.8,pareto,min,1,0.0,0.0,1.0,1.0,0.9121892944182091,1.0
4.0,0.8,pareto,min,1,0.0,0.2,0.8,1.0,0.9288703749604996,1.0
4.0,0.8,pareto,min,1,0.0,0.4,0.6,1.0,0.9288703749604996,1.0
4.0,0.8,pareto,min,1,0.0,0.6,0.4,1.0,1.0,0.9243226229377981
4.0,0.8,pareto,min,1,0.0,0.8,0.2,1.0,1.0,0.9243226229377981
4.0,0.8,pareto,min,1,0.0,1.0,0.0,1.0,1.0,0.9243226229377981
4.0,0.8,pareto,min,1,0.2,0.0,0.8,1.0,0.9121892944182091,1.0
4.0,0.8,pareto,min,1,0.2,0.2,0.6,1.0,0.9288703749604996,1.0
4.0,0.8,pareto,min,1,0.2,0.4,0.4,1.0,0.9288703749604996,1.0
4.0,0.8,pareto,min,1,0.2,0.6,0.2,1.0,1.0,0.9243226229377981
4.0,0.8,pareto,min,1,0.2,0.8,0.0,1.0,1.0,0.9243226229377981
4.0,0.8,pareto,min,1,0.4,0.0,0.6,1.0,0.9121892944182091,1.0
4.0,0.8,pareto,min,1,0.4,0.2,0.4,1.0,0.9288703749604996,1.0
4.0,0.8,pareto,min,1,0.4,0.4,0.2,1.0,1.0,0.9243226229377981
4.0,0.8,pareto,min,1,0.4,0.6,0.0,1.0,1.0,0.9243226229377981
4.0,0.8,pareto,min,1,0.6,0.0,0.4,1.0,0.9121892944182091,1.0
4.0,0.8,pareto,min,1,0.6,0.2,0.2,1.0,0.9288703749604996,1.0
4.0,0.8,pareto,min,1,0.6,0.4,0.0,1.0,1.0,0.9243226229377981
4.0,0.8,pareto,min,1,0.8,0.0,0.2,1.0,0.9121892944182091,1.0
4.0,0.8,pareto,min,1,0.8,0.2,0.0,1.0,1.0,0.9243226229377981
4.0,0.8,pareto,min,1,1.0,0.0,0.0,1.0,0.08554443229313186,0.3325519818016962
4.0,0.8,pareto,min,2,0.0,0.0,1.0,0.75,0.99246653904136,1.0
4.0,0.8,pareto,min,2,0.0,0.2,0.8,0.75,1.0,1.0
4.0,0.8,pareto,min,2,0.0,0.4,0.6,0.75,1.0,1.0
4.0,0.8,pareto,min,2,0.0,0.6,0.4,0.75,1.0,1.0
4.0,0.8,pareto,min,2,0.0,0.8,0.2,0.75,1.0,1.0
4.0,0.8,pareto,min,2,0.0,1.0,0.0,0.75,1.0,1.0
4.0,0.8,pareto,min,2,0.2,0.0,0.8,0.75,0.99246653904136,1.0
4.0,0.8,pareto,min,2,0.2,0.2,0.6,0.75,1.0,1.0
4.0,0.8,pareto,min,2,0.2,0.4,0.4,0.75,1.0,1.0
4.0,0.8,pareto,min,2,0.2,0.6,0.2,0.75,1.0,1.0
4.0,0.8,pareto,min,2,0.2,0.8,0.0,0.75,1.0,1.0
4.0,0.8,pareto,min,2,0.4,0.0,0.6,1.0,0.8963748495756231,0.9361852877032902
4.0,0.8,pareto,min,2,0.4,0.2,0.4,1.0,0.8963748495756231,0.9361852877032902
4.0,0.8,pareto,min,2,0.4,0.4,0.2,1.0,0.8963748495756231,0.9361852877032902
4.0,0.8,pareto,min,2,0.4,0.6,0.0,1.0,0.8963748495756231,0.9361852877032902
4.0,0.8,pareto,min,2,0.6,0.0,0.4,1.0,0.8963748495756231,0.9361852877032902
4.0,0.8,pareto,min,2,0.6,0.2,0.2,1.0,0.8963748495756231,0.9361852877032902
4.0,0.8,pareto,min,2,0.6,0.4,0.0,1.0,0.8963748495756231,0.9361852877032902
4.0,0.8,pareto,min,2,0.8,0.0,0.2,1.0,0.8963748495756231,0.9361852877032902
4.0,0.8,pareto,min,2,0.8,0.2,0.0,1.0,0.8963748495756231,0.9361852877032902
4.0,0.8,pareto,min,2,1.0,0.0,0.0,1.0,0.2176972307330823,0.21817711015474336
4.0,0.8,pareto,sum,0,0.0,0.0,1.0,0.5,1.0,1.0
4.0,0.8,pareto,sum,0,0.0,0.2,0.8,0.5,1.0,1.0
4.0,0.8,pareto,sum,0,0.0,0.4,0.6,0.5,1.0,1.0
4.0,0.8,pareto,sum,0,0.0,0.6,0.4,0.5,1.0,1.0
4.0,0.8,pareto,sum,0,0.0,0.8,0.2,0.5,1.0,1.0
4.0,0.8,pareto,sum,0,0.0,1.0,0.0,0.5,1.0,1.0
4.0,0.8,pareto,sum,0,0.2,0.0,0.8,0.5,1.0,1.0
4.0,0.8,pareto,sum,0,0.2,0.2,0.6,0.5,1.0,1.0
4.0,0.8,pareto,sum,0,0.2,0.4,0.4,0.5,1.0,1.0
4.0,0.8,pareto,sum,0,0.2,0.6,0.2,0.5,1.0,1.0
4.0,0.8,pareto,sum,0,0.2,0.8,0.0,0.5,1.0,1.0
4.0,0.8,pareto,sum,0,0.4,0.0,0.6,0.5,1.0,1.0
4.0,0.8,pareto,sum,0,0.4,0.2,0.4,0.5,1.0,1.0
4.0,0.8,pareto,sum,0,0.4,0.4,0.2,0.5,1.0,1.0
4.0,0.8,pareto,sum,0,0.4,0.6,0.0,0.5,1.0,1.0
4.0,0.8,pareto,sum,0,0.6,0.0,0.4,0.5,1.0,1.0
4.0,0.8,pareto,sum,0,0.6,0.2,0.2,0.5,1.0,1.0
4.0,0.8,pareto,sum,0,0.6,0.4,0.0,0.5,1.0,1.0
4.0,0.8,pareto,sum,0,0.8,0.0,0.2,0.75,0.42314392461224515,0.4231439246122451
4.0,0.8,pareto,sum,0,0.8,0.2,0.0,0.75,0.42314392461224515,0.4231439246122451
4.0,0.8,pareto,sum,0,1.0,0.0,0.0,0.75,0.3306905733274873,0.33069057332748725
4.0,0.8,pareto,sum,1,0.0,0.0,1.0,1.0,0.9121892944182091,1.0
4.0,0.8,pareto,sum,1,0.0,0.2,0.8,1.0,0.9288703749604996,1.0
4.0,0.8,pareto,sum,1,0.0,0.4,0.6,1.0,0.9288703749604996,1.0
4.0,0.8,pareto,sum,1,0.0,0.6,0.4,1.0,1.0,0.9243226229377981
4.0,0.8,pareto,sum,1,0.0,0.8,0.2,1.0,1.0,0.9243226229377981
4.0,0.8,pareto,sum,1,0.0,1.0,0.0,1.0,1.0,0.9243226229377981
4.0,0.8,pareto,sum,1,0.2,0.0,0.8,1.0,0.9121892944182091,1.0
4.0,0.8,pareto,sum,1,0.2,0.2,0.6,1.0,0.9288703749604996,1.0
4.0,0.8,pareto,sum,1,0.2,0.4,0.4,1.0,0.9288703749604996,1.0
4.0,0.8,pareto,sum,1,0.2,0.6,0.2,1.0,1.0,0.9243226229377981
4.0,0.8,pareto,sum,1,0.2,0.8,0.0,1.0,1.0,0.9243226229377981
4.0,0.8,pareto,sum,1,0.4,0.0,0.6,1.0,0.9121892944182091,1.0
4.0,0.8,pareto,sum,1,0.4,0.2,0.4,1.0,0.9288703749604996,1.0
4.0,0.8,pareto,sum,1,0.4,0.4,0.2,1.0,1.0,0.9243226229377981
4.0,0.8,pareto,sum,1,0.4,0.6,0.0,1.0,1.0,0.9243226229377981
4.0,0.8,pareto,sum,1,0.6,0.0,0.4,1.0,0.9121892944182091,1.0
4.0,0.8,pareto,sum,1,0.6,0.2,0.2,1.0,0.9288703749604996,1.0
4.0,0.8,pareto,sum,1,0.6,0.4,0.0,1.0,1.0,0.9243226229377981
4.0,0.8,pareto,sum,1,0.8,0.0,0.2,1.0,0.9121892944182091,1.0
4.0,0.8,pareto,sum,1,0.8,0.2,0.0,1.0,1.0,0.9243226229377981
4.0,0.8,pareto,sum,1,1.0,0.0,0.0,1.0,0.08554443229313186,0.3325519818016962
4.0,0.8,pareto,sum,2,0.0,0.0,1.0,0.75,0.99246653904136,1.0
4.0,0.8,pareto,sum,2,0.0,0.2,0.8,0.75,1.0,1.0
4.0,0.8,pareto,sum,2,0.0,0.4,0.6,0.75,1.0,1.0
4.0,0.8,pareto,sum,2,0.0,0.6,0.4,0.75,1.0,1.0
4.0,0.8,pareto,sum,2,0.0,0.8,0.2,0.75,1.0,1.0
4.0,0.8,pareto,sum,2,0.0,1.0,0.0,0.75,1.0,1.0
4.0,0.8,pareto,sum,2,0.2,0.0,0.8,0.75,0.99246653904136,1.0
4.0,0.8,pareto,sum,2,0.2,0.2,0.6,0.75,1.0,1.0
4.0,0.8,pareto,sum,2,0.2,0.4,0.4,0.75,1.0,1.0
4.0,0.8,pareto,sum,2,0.2,0.6,0.2,0.75,1.0,1.0
4.0,0.8,pareto,sum,2,0.2,0.8,0.0,0.75,1.0,1.0
4.0,0.8,pareto,sum,2,0.4,0.0,0.6,1.0,0.8963748495756231,0.9361852877032902
4.0,0.8,pareto,sum,2,0.4,0.2,0.4,1.0,0.8963748495756231,0.9361852877032902
4.0,0.8,pareto,sum,2,0.4,0.4,0.2,1.0,0.8963748495756231,0.9361852877032902
4.0,0.8,pareto,sum,2,0.4,0.6,0.0,1.0,0.8963748495756231,0.9361852877032902
4.0,0.8,pareto,sum,2,0.6,0.0,0.4,1.0,0.8963748495756231,0.9361852877032902
4.0,0.8,pareto,sum,2,0.6,0.2,0.2,1.0,0.8963748495756231,0.9361852877032902
4.0,0.8,pareto,sum,2,0.6,0.4,0.0,1.0,0.8963748495756231,0.9361852877032902
4.0,0.8,pareto,sum,2,0.8,0.0,0.2,1.0,0.8963748495756231,0.9361852877032902
4.0,0.8,pareto,sum,2,0.8,0.2,0.0,1.0,0.8963748495756231,0.9361852877032902
4.0,0.8,pareto,sum,2,1.0,0.0,0.0,1.0,0.2176972307330823,0.21817711015474336
