seed,n_apps,n_ops,exact,slack,cap_sigma,ask_sigma,stake_alpha,supply_demand,cap_cv,ask_cv,stake_cv,capacity_cv,price_compat,stake_cover,napp_0.0_0.0_1.0,nop_0.0_0.0_1.0,nsys_0.0_0.0_1.0,napp_0.0_0.2_0.8,nop_0.0_0.2_0.8,nsys_0.0_0.2_0.8,napp_0.0_0.4_0.6,nop_0.0_0.4_0.6,nsys_0.0_0.4_0.6,napp_0.0_0.6_0.4,nop_0.0_0.6_0.4,nsys_0.0_0.6_0.4,napp_0.0_0.8_0.2,nop_0.0_0.8_0.2,nsys_0.0_0.8_0.2,napp_0.0_1.0_0.0,nop_0.0_1.0_0.0,nsys_0.0_1.0_0.0,napp_0.2_0.0_0.8,nop_0.2_0.0_0.8,nsys_0.2_0.0_0.8,napp_0.2_0.2_0.6,nop_0.2_0.2_0.6,nsys_0.2_0.2_0.6,napp_0.2_0.4_0.4,nop_0.2_0.4_0.4,nsys_0.2_0.4_0.4,napp_0.2_0.6_0.2,nop_0.2_0.6_0.2,nsys_0.2_0.6_0.2,napp_0.2_0.8_0.0,nop_0.2_0.8_0.0,nsys_0.2_0.8_0.0,napp_0.4_0.0_0.6,nop_0.4_0.0_0.6,nsys_0.4_0.0_0.6,napp_0.4_0.2_0.4,nop_0.4_0.2_0.4,nsys_0.4_0.2_0.4,napp_0.4_0.4_0.2,nop_0.4_0.4_0.2,nsys_0.4_0.4_0.2,napp_0.4_0.6_0.0,nop_0.4_0.6_0.0,nsys_0.4_0.6_0.0,napp_0.6_0.0_0.4,nop_0.6_0.0_0.4,nsys_0.6_0.0_0.4,napp_0.6_0.2_0.2,nop_0.6_0.2_0.2,nsys_0.6_0.2_0.2,napp_0.6_0.4_0.0,nop_0.6_0.4_0.0,nsys_0.6_0.4_0.0,napp_0.8_0.0_0.2,nop_0.8_0.0_0.2,nsys_0.8_0.0_0.2,napp_0.8_0.2_0.0,nop_0.8_0.2_0.0,nsys_0.8_0.2_0.0,napp_1.0_0.0_0.0,nop_1.0_0.0_0.0,nsys_1.0_0.0_0.0,manip_app_gas_frac,manip_app_gas_rel,manip_op_gasprice_frac,manip_op_gasprice_rel,manip_op_stake_frac,manip_op_stake_rel,manip_op_gas_frac,manip_op_gas_rel
10000,20,10,False,1.4984303349971373,0.42369915251643075,0.34456540633883803,2.6849006726881255,1.3367888701622104,0.5152658322469793,0.2520237414182852,0.31925509430414445,0.5260395457650993,0.865,1.0,0.6124798099376242,1.059994004976379,1.0,0.5775990539306611,0.9643745561458339,0.9025451647742171,0.5775990539306611,0.9643745561458339,0.9025451647742171,0.5775990539306611,0.9643745561458339,0.9025451647742171,0.5303727812597331,1.0,0.9470416193615825,0.5303727812597331,1.0,0.9470416193615825,0.5297895449308687,1.280560682590428,1.115927096556827,0.7115878633496638,1.547710378110358,1.3392791694696746,0.7115878633496638,1.547710378110358,1.3392791694696746,0.7115878633496638,1.547710378110358,1.3392791694696746,0.5171267670090698,1.1615170384273832,1.053367654833683,0.5519958164549413,1.2600687487930657,1.1343458736428813,0.5519958164549413,1.2600687487930657,1.1343458736428813,0.6019958164549413,1.2779885166887093,1.1350727548560255,0.6697581639958972,1.2319054102212599,1.0462160104683482,0.6309735877307399,1.0871578652897547,1.0698792142985827,0.6124288436877313,1.0802057332175632,0.9167220732702046,0.6519154706791108,0.9662442521010726,0.847058777095025,0.7378295836014456,1.0738116150350223,0.9835598771040421,0.6781561741054425,0.9877170481945279,0.9091577731665543,0.7279366256343848,0.6259898681970174,0.5962065929572343,0.8,0.3078273761556033,0.4,0.46073374402148903,0.2,0.10479939499113293,0.2,0.1435277283406755
10001,20,10,False,2.9773567884791547,0.6294702331215974,0.2030909108462595,4.657940240356439,5.9887744200408966,0.5851678961419816,0.15233022369822952,0.10595487310492925,0.5056782877801229,0.715,1.0,0.65,1.0539164861519803,1.0,0.75,1.0,0.9639879761243088,0.75,1.0,0.9639879761243088,0.75,1.0,0.9639879761243088,0.75,1.0,0.9639879761243088,0.75,1.0,0.9639879761243088,0.65,1.0539164861519803,1.0,0.75,1.0684913324156702,0.9847061695501371,0.75,1.0684913324156702,0.9847061695501371,0.65,1.0266625526528017,1.0095523902625883,0.8,0.9952475067803686,0.945409819967859,0.65,1.0539164861519803,1.0,0.75,1.0,0.9639879761243088,0.75,1.0,0.9639879761243088,0.75,1.0,0.9639879761243088,0.8,0.9396631639475475,0.8820253869904932,0.75,1.0,0.9639879761243088,0.7403462873945259,1.1134596947740367,1.0153541956506356,0.8,0.8922480030566532,0.854108359591021,0.8,0.8846953244756945,0.8683641730738298,0.8,0.5962921833640003,0.5682302420681566,0,0.0,0.4,0.4395011897845572,0.2,0.0,0.4,0.0008851360943537429
10002,20,10,False,2.259384012934957,0.25001496845587956,0.32965214495956996,1.2368940858139092,2.825349087416298,0.3178411173031413,0.4624557952797139,0.8333289498936387,0.560722230453742,0.785,1.0,0.6550372186607887,0.6269697658202094,1.0,0.7527907365451767,0.8739106978492535,1.16247610373539,0.7527907365451767,0.8739106978492535,1.16247610373539,0.7066864218532801,1.0,0.7858450373075101,0.7066864218532801,1.0,0.7858450373075101,0.7066864218532801,1.0,0.7858450373075101,0.8,0.885073701983153,1.1088657855131665,0.75,1.0495328397993953,1.0446132793510434,0.6734235378416633,1.121119727510205,0.938962943503605,0.6734235378416633,1.121119727510205,0.938962943503605,0.6734235378416633,1.121119727510205,0.938962943503605,0.8579766873668486,0.6573834800760499,0.9098511750346242,0.85,0.9201278842361061,0.9183937912853242,0.6734235378416633,1.121119727510205,0.938962943503605,0.85,1.0440938585409412,0.9528901891506654,0.8579766873668486,0.6573834800760499,0.9098511750346242,0.8916871032870303,0.8276173382036405,0.8708622132104944,0.85,1.1064440549165655,1.0360357752528955,0.8579766873668486,0.6573834800760499,0.9098511750346242,0.8579766873668486,0.8052806098201524,0.8965510428377333,0.9,0.5135939542684539,0.7718640536385679,0.4,0.5210803081340668,0.6,0.7430513241900272,0.6,0.7068577379644021,0.4,0.42056554680887837
10003,20,10,False,2.714731147439389,0.7381242745136783,0.5988375672694449,3.0035680170325696,2.1222708882907697,0.7577356265803309,0.5627713633254576,0.14287780457899293,0.5391489935993814,0.685,1.0,0.4172592380066601,0.850127144822756,1.0,0.5105519527008949,0.9999999999999999,1.1446641743789658,0.5105519527008949,0.9999999999999999,1.1446641743789658,0.5105519527008949,0.9999999999999999,1.1446641743789658,0.5105519527008949,0.9999999999999999,1.1446641743789658,0.5105519527008949,0.9999999999999999,1.1446641743789658,0.4609506654140132,0.7421935028772543,0.8722133710159385,0.6267729083814276,0.706322286128802,0.8529151310181292,0.5616969337121156,0.7657359693191881,0.8361713731297035,0.5616969337121156,0.7657359693191881,0.8361713731297035,0.5616969337121156,0.7657359693191881,0.8361713731297035,0.5741095413497236,0.7228428366585845,0.8302900424664423,0.6206764841069021,0.739427753867003,0.8045199847164731,0.6206764841069021,0.739427753867003,0.8045199847164731,0.6206764841069021,0.739427753867003,0.8045199847164731,0.5243474927293365,0.9615610330162327,1.0567046389943628,0.65,0.7186865812014646,0.7891600709193316,0.65,0.7186865812014646,0.7891600709193316,0.6,0.658489998964223,0.7630902639943523,0.731818385453155,0.8934340515866612,1.1156704187240523,0.6531138947444268,0.4014537219017108,0.4527487797081985,0,0.0,1,2.6650272988634582,0.6,1.4538140261004817,0.6,0.9324919125569306
10004,20,10,False,4.585290834509796,0.3020165535170063,0.2757448369824369,4.650161155578553,5.596621193057578,0.5251785165842356,0.219976517681898,0.2925642015561081,0.6856388562569768,0.94,1.0,0.75,0.8177936927270009,1.0,0.8,0.9481836221815929,0.9214027879071801,0.7000000000000001,0.981166668642241,0.9928011819521939,0.7000000000000001,0.981166668642241,0.9928011819521939,0.8,0.9990481180029078,0.9388772139150918,0.85,1.0,0.9406169427555816,0.65,0.8705887720852367,0.9435543745446373,0.75,0.949790054879198,1.0166228660276073,0.75,0.949790054879198,1.0166228660276073,0.85,1.132981613959619,1.0723510963701994,0.8955884358663573,0.9463463776087359,0.9045842269390062,0.785783253642926,0.8984434987957621,0.9136932561155106,1.0,0.9137769879449398,0.8790599956848546,1.0,0.9137769879449398,0.8790599956848546,1.0,0.9137769879449398,0.8790599956848546,0.9,0.9806956662520031,0.9652368401072015,1.0,0.9156337936822739,0.8804193058474817,1.0,0.9157949615454458,0.876196968865876,0.95,0.8853094814971961,0.8621787190229013,1.0,0.9037393288702367,0.8665161213329814,1.0,0.44394524633093924,0.42389424312877916,0.2,3.349340238677073e-17,0.8,3.550583656433828,0.6,0.36294656451239327,0.2,0.599085950528133
10005,20,10,False,0.5199315476333268,0.3283382659859888,0.5855503539063089,18.58783987602238,0.6216995157511696,0.2519153824072711,0.8027590780265611,0.05918341146077941,0.7520032758596708,0.68,1.0,0.37883888788671866,1.0391870197129849,1.0,0.3176821718869049,1.0,0.9608105177418734,0.3176821718869049,1.0,0.9608105177418734,0.3176821718869049,1.0,0.9608105177418734,0.3176821718869049,1.0,0.9608105177418734,0.3176821718869049,1.0,0.9608105177418734,0.3331829341722064,0.9162709154419906,0.8839401727112507,0.32809779308639375,0.9720194270259062,0.9271227316067377,0.3601217115014371,0.7905281906190719,0.7621810596755545,0.40732756735851233,0.9577381303457275,0.924025883116772,0.40732756735851233,0.9577381303457275,0.924025883116772,0.3331829341722064,0.9162709154419906,0.8839401727112507,0.40732756735851233,0.9577381303457275,0.924025883116772,0.40732756735851233,0.9577381303457275,0.924025883116772,0.40732756735851233,0.9577381303457275,0.924025883116772,0.446230905279074,0.9639973426114858,0.9312136113689666,0.5925773826562984,0.9329114071218021,0.8951760087816234,0.4806520828662013,0.761645722951024,0.7393300893391792,0.6027522604200624,0.9490123714168226,0.909480849234264,0.4891331800088247,1.163793152059765,1.1170875795788466,0.5416175404028724,0.503450990740618,0.48816484155776046,0.8,0.31366592915482355,0.6,1.3869132864054792,0.4,0.8663480413068645,0.2,1.1517620733285068
10006,20,10,False,0.4055359293592724,0.7162921591222379,0.2476865112823955,18.95269349631566,0.5404949098388296,0.6117113975049724,0.17978402256357967,0.018734518624185646,0.8923498685490989,0.74,1.0,0.1687641038688617,1.0125036954476867,1.0,0.19756857169960074,1.0,0.9713691244917189,0.19756857169960074,1.0,0.9713691244917189,0.19756857169960074,1.0,0.9713691244917189,0.19756857169960074,1.0,0.9713691244917189,0.19756857169960074,1.0,0.9713691244917189,0.27143003560271844,1.2561198464182335,1.2327638576909015,0.32268276887573744,1.8171501266534629,1.7730727734464466,0.32268276887573744,1.8171501266534629,1.7730727734464466,0.32268276887573744,1.8171501266534629,1.7730727734464466,0.32268276887573744,1.8171501266534629,1.7730727734464466,0.27143003560271844,1.2561198464182335,1.2327638576909015,0.2955067378257833,1.0602267270715136,1.0443621652668178,0.2955067378257833,1.0602267270715136,1.0443621652668178,0.2955067378257833,1.0602267270715136,1.0443621652668178,0.27275483617462054,0.9101359908242939,0.9007981987081695,0.26616345379572653,1.2535761093656206,1.2326741250844222,0.26616345379572653,1.2535761093656206,1.2326741250844222,0.3306509082298894,1.0069403949810998,0.9938554960965086,0.31799584954552845,0.8393587965756691,0.8186064081715234,0.35802158650471766,0.5446554699218633,0.534981854217338,0.6,0.24066161408217152,0.4,4.711790537682476,0.2,0.0,0,0.0
10007,20,10,False,4.336447982091132,0.05199757745022793,0.2318012871147768,23.266596437287383,7.459589613942215,0.24478512540552555,0.19800339933736782,0.03561475799157224,0.7365006439768664,0.935,1.0,0.8,0.9586307858528182,1.0,0.8990407564754604,0.9942596560046857,1.0544637240018664,0.8990407564754604,1.0,1.0544637240018664,0.8990407564754604,1.0,1.0544637240018664,0.8990407564754604,1.0,1.0544637240018664,0.8990407564754604,1.0,1.0544637240018664,0.8568200157644096,0.9377664721756118,1.0022379330793363,0.95,0.991641489193804,1.0544915236246022,0.95,0.991641489193804,1.0544915236246022,0.95,0.991641489193804,1.0544915236246022,0.9332582172410971,0.9717376609116237,1.0247196468959547,0.8568200157644096,0.9377664721756118,1.0022379330793363,1.0,0.7775645827924633,0.8177193183818572,1.0,0.7775645827924633,0.8177193183818572,1.0,0.7775645827924633,0.8177193183818572,0.9708216774539963,0.8208730205115443,0.864437707242045,1.0,0.9534664379412683,1.0145022929128171,1.0,0.9534664379412683,1.0145022929128171,0.9181668620293596,0.8349116646168301,0.8700132267686334,1.0,0.9534664379412683,1.0145022929128171,0.9708216774539963,0.5250378678594818,0.5476403649968029,0,0.0,1,3.0164848574334338,0.6,1.1082206662175753,0.8,2.6685708862951163
10008,20,10,False,1.842884164083612,0.45184745293804895,0.38136459949266477,29.66892045955428,2.19357439276021,0.5706814229798469,0.300165467069567,0.026973273470687835,0.6903853912320429,0.86,1.0,0.6432294660854861,1.0650514275777239,1.0,0.6854217172074296,0.9999999999999999,0.9487003651153689,0.6854217172074296,0.9999999999999999,0.9487003651153689,0.6854217172074296,0.9999999999999999,0.9487003651153689,0.6854217172074296,0.9999999999999999,0.9487003651153689,0.6854217172074296,0.9999999999999999,0.9487003651153689,0.7345666224312015,0.9206113655304763,0.8603365825011167,0.8716423720977513,1.02121149224993,0.9522763338867708,0.8716423720977513,1.02121149224993,0.9522763338867708,0.8716423720977513,1.02121149224993,0.9522763338867708,0.8716423720977513,1.02121149224993,0.9522763338867708,0.8464539821948623,0.9853157673988386,0.9179939637466242,0.6977686010897033,0.8683547600375552,0.8137798352505087,0.8340521294916248,0.897210107809518,0.8324223863536209,0.8340521294916248,0.897210107809518,0.8324223863536209,0.8464539821948623,0.9853157673988386,0.9179939637466242,0.850392205426665,0.9652803372135146,0.8991635856955854,0.9065154443841879,0.9143771294246407,0.8410498683415727,0.9481099336371319,0.9273657474524822,0.8775486646184916,0.9425429951768799,0.7526242655229746,0.7038703292271898,0.9216423720977514,0.47507132971559995,0.4448029630507981,0,3.6416397970136815e-17,0.8,5.842600015072477,0.2,0.526512412490152,0.8,1.2480205871866967
10009,20,10,False,1.5280572959236076,0.5611843726008378,0.36224150649424847,6.132216878850478,1.502904226895529,0.40044121862701193,0.39702026607933294,0.2066711513925868,0.723489437162304,0.91,1.0,0.7685419065204093,0.7247766455016044,1.0,0.7428952219515392,0.9952655998422281,1.3649797747834675,0.811366312174754,1.0302119130701723,1.3523930598422784,0.7062965238862635,0.9917591107631921,1.268904197864951,0.7329080137875916,1.0,1.2783825147274568,0.7329080137875916,1.0,1.2783825147274568,0.901371540398219,0.6924677574246098,0.9300019155296526,0.593009320570282,0.9130802772396888,1.1876284195506261,0.593009320570282,0.9130802772396888,1.1876284195506261,0.7144096091164938,0.7133753834004298,0.9427906584020602,0.7144096091164938,0.7133753834004298,0.9427906584020602,0.6363365708006641,0.617479983738637,0.9209215252878347,0.8392206578608182,0.8733199958275406,1.0846917885493659,0.8392206578608182,0.8733199958275406,1.0846917885493659,0.7844896030181328,0.9229146658457673,1.1321850947527003,0.7402878656480244,0.9613207239382037,1.1767744313193922,0.8390404799109041,0.5838349060363406,0.7145378863820188,0.797439671636766,0.928236313193429,1.1924937824804152,0.9078866244867493,0.6926635908242459,0.9137993391513718,0.8014525682879072,0.44174616524788807,0.5970051952360043,0.8192255349645491,0.29154253173443556,0.36790569307342325,0.4,0.0011912494009001177,0.6,0.3953935817860719,0.2,0.2380086486471644,0,0.0
10010,20,10,False,0.3867142313136335,0.041430628897571764,0.4356387173682529,49.031401756771984,0.48134124511800175,0.32731025408069475,0.4104401307426945,0.015444629192759886,0.3719776072124528,0.865,1.0,0.38040916938117836,0.808731230588389,1.0,0.2636188490672752,0.9819961216269991,1.2073949594984335,0.2636188490672752,0.9819961216269991,1.2073949594984335,0.2636188490672752,0.9819961216269991,1.2073949594984335,0.2636188490672752,0.9819961216269991,1.2073949594984335,0.36892224083211406,1.0,1.2333074051342015,0.4373472358523206,1.0349136120254614,1.277157299207396,0.2563126232775915,0.9649741509665439,1.1942629161612115,0.2563126232775915,0.9649741509665439,1.1942629161612115,0.2922682916181375,1.0036241132152959,1.2395976854626394,0.2922682916181375,1.0036241132152959,1.2395976854626394,0.47018189030595525,1.019273810216717,1.260240882106466,0.445258313039782,0.9529697465104491,1.175914238870832,0.5119861491267371,0.8509998126463256,1.050631967123866,0.5294323561133653,0.8199602654176672,1.0112505189376262,0.40486245612771554,0.8179889457488918,1.0065281892844413,0.445258313039782,0.9529697465104491,1.175914238870832,0.38503473740480126,0.8866506729006454,1.0977204726158885,0.547226137867328,0.757644499029072,0.9337199102886008,0.5091321869711958,0.6805120972132768,0.8376409652715675,0.5160535477930904,0.3782651213191427,0.4642266014401413,0.4,0.028782655323444654,0.8,2.2323140629753855,0,0.0,0.6,0.6489770205162623
10011,20,10,False,1.4102451242680782,0.8666633375922181,0.1821977479131353,2.6941858187044274,1.9671296774162212,1.112590204617155,0.10581981724683356,0.21103135544400706,0.7097249859029164,0.64,1.0,0.2815764075808827,0.7773738407028096,1.0,0.39410804147692935,1.0124498145182201,1.1604601563826462,0.39410804147692935,1.0124498145182201,1.1604601563826462,0.39410804147692935,1.0124498145182201,1.1604601563826462,0.43993701968239163,0.9999999999999999,1.1397306861964407,0.43993701968239163,0.9999999999999999,1.1397306861964407,0.481105626383787,0.9463264780639803,1.0821821447336766,0.3981085446932129,0.9052731174586092,1.161584113679855,0.3981085446932129,0.9052731174586092,1.161584113679855,0.3981085446932129,0.9052731174586092,1.161584113679855,0.3981085446932129,0.9052731174586092,1.161584113679855,0.3264270110226608,0.8687570718665449,1.123176744119655,0.47483062901323203,0.9819276192343732,1.1259700581280192,0.47483062901323203,0.9819276192343732,1.1259700581280192,0.44410804147692934,0.9847748294343797,1.1287579647703532,0.33875914507379856,0.8585822778023258,1.1043112976393354,0.481105626383787,0.9463264780639803,1.0821821447336766,0.481105626383787,0.9463264780639803,1.0821821447336766,0.481105626383787,0.9463264780639803,1.0821821447336766,0.481105626383787,0.9463264780639803,1.0821821447336766,0.4554573592604376,0.07083733812373577,0.08612215810185843,0.2,0.0,0.8,21.811585959955124,0.2,0.4328507189528955,0,0.0
10012,20,10,False,0.34344677141251934,0.19957646152490072,0.5108591099669763,1.7636077470797238,0.4261239045327442,0.4726079318935525,0.5383416583250168,0.1805675693599249,0.5697654366510396,0.555,1.0,0.0833056302273632,1.5328931013541476,1.0,0.10288785168214219,1.0,0.7240366013804259,0.10288785168214219,1.0,0.7240366013804259,0.10288785168214219,1.0,0.7240366013804259,0.10288785168214219,1.0,0.7240366013804259,0.10288785168214219,1.0,0.7240366013804259,0.20593076404363891,1.1262425598100978,0.8681817924159551,0.13704333267658012,1.3237488441379848,0.9002959635176949,0.13704333267658012,1.3237488441379848,0.9002959635176949,0.13704333267658012,1.3237488441379848,0.9002959635176949,0.13704333267658012,1.3237488441379848,0.9002959635176949,0.20593076404363891,1.1262425598100978,0.8681817924159551,0.13704333267658012,1.3237488441379848,0.9002959635176949,0.13704333267658012,1.3237488441379848,0.9002959635176949,0.13704333267658012,1.3237488441379848,0.9002959635176949,0.13743818218548953,0.8223342000300925,0.6256975355704252,0.20251927011077656,1.7245661463016555,1.2080833044270993,0.13704333267658012,1.3237488441379848,0.9002959635176949,0.13743818218548953,0.8223342000300925,0.6256975355704252,0.20251927011077656,1.7245661463016555,1.2080833044270993,0.1413687248219778,0.37234959450846694,0.29073087775178186,0.4,0.0,0.4,0.7787997933259468,0.4,0.38875498762232047,0.2,0.035386655005835904
10013,20,10,False,1.163687345393215,0.5679476723478172,0.39889000676192204,7.507246814825263,1.2743698471519884,1.021252645851971,0.2671852279628606,0.1114875142688953,0.6817121269134936,0.825,1.0,0.633991909106559,1.0181871412465293,1.0,0.3384347345356862,1.0,0.9135067940386179,0.3384347345356862,1.0,0.9135067940386179,0.3384347345356862,1.0,0.9135067940386179,0.3384347345356862,1.0,0.9135067940386179,0.3384347345356862,1.0,0.9135067940386179,0.5953109842027209,1.3325468041321347,1.3015314929412236,0.5320742930552798,1.210563876387258,1.151567078328162,0.5320742930552798,1.210563876387258,1.151567078328162,0.5320742930552798,1.210563876387258,1.151567078328162,0.5320742930552798,1.210563876387258,1.151567078328162,0.40358714270335305,1.3699890107545842,1.3786401761962261,0.6004235805049531,0.9875912094240906,0.9834534775628528,0.5656988816940283,1.30292265493486,1.2301131792688846,0.5656988816940283,1.30292265493486,1.2301131792688846,0.5432420140489813,0.9488914232001474,0.9622607667987781,0.43951654700238707,1.052961492681522,1.0371218933494752,0.6415728034802961,1.008180129703431,1.0028914569010248,0.694355544310454,1.27627443327757,1.2369065881830417,0.7922730680688619,0.9171853852258516,0.8862142722400941,0.7440069107047772,0.4326972560281149,0.44700661164984895,0.4,0.05597472694905919,1,0.9705344797161568,0,0.0,0.4,0.05269825946934134
10014,20,10,False,0.38607687610240066,0.8691632329968448,0.21330686283649858,38.57999024037049,0.27698426564109696,0.6759621765932377,0.13662959407928915,0.028078584608070552,1.0263326359039877,0.705,1.0,0.2648958366250923,0.7144461311376984,1.0,0.11467305102476112,1.0,1.4544666061996712,0.11467305102476112,1.0,1.4544666061996712,0.11467305102476112,1.0,1.4544666061996712,0.11467305102476112,1.0,1.4544666061996712,0.11467305102476112,1.0,1.4544666061996712,0.30336650717467656,0.7374011318496647,1.0390197113519748,0.3304832091788265,0.9205867876637988,1.2968610825499758,0.3304832091788265,0.9205867876637988,1.2968610825499758,0.1752269328752787,0.922131093920016,1.3082282214645162,0.1752269328752787,0.922131093920016,1.3082282214645162,0.2524348130257643,1.1201167140689552,1.6198697104550739,0.28719909907516505,0.7470863975756291,1.054312257803566,0.28719909907516505,0.7470863975756291,1.054312257803566,0.28719909907516505,0.7470863975756291,1.054312257803566,0.1578192372953722,1.0491585305831381,1.5173810690826304,0.37686678667695006,0.7935794615676464,1.1118483073829042,0.30090017591395307,0.6436745929274789,0.9127621236047617,0.22457914502995693,0.8914955991827771,1.2941163142109777,0.21500746049145694,1.1396453152144417,1.6516084901679053,0.4020433283075049,0.3012600093197296,0.4317153636121198,0.4,2.369347070551378,0.6,1.488001464275144,0,0.0,0.4,0.27390295178006124
10015,20,10,False,1.3342678744872998,0.3085763906019633,0.13051988485310864,4.1721627140896125,1.0470445230838714,0.4623486332042484,0.10550347823360684,0.10456516071288811,0.5769810157480536,0.935,1.0,0.4090262462106568,0.8446022355795745,1.0,0.3044005926127977,1.0,1.1489483802257465,0.3044005926127977,1.0,1.1489483802257465,0.3044005926127977,1.0,1.1489483802257465,0.3044005926127977,1.0,1.1489483802257465,0.3044005926127977,1.0,1.1489483802257465,0.5462446503785576,0.9926609784184641,1.136520734162756,0.3246316677052881,1.2053890074555764,1.304296840930258,0.3246316677052881,1.2053890074555764,1.304296840930258,0.3246316677052881,1.2053890074555764,1.304296840930258,0.4927430148901596,0.9034482504734157,1.0012689524994371,0.5070563138224761,0.808750668976847,0.9194609681909447,0.5115223253753781,0.7152270770415836,0.8111940379822887,0.44702844719808355,1.141632735145226,1.258924447985312,0.44702844719808355,1.141632735145226,1.258924447985312,0.6405904932033697,0.8360221583926153,0.9094367142950956,0.48022601579244945,1.104364162511169,1.221646023434376,0.48022601579244945,1.104364162511169,1.221646023434376,0.642213261809586,0.8178231531268785,0.9416675833708749,0.6467697175598214,0.5462516607077532,0.6035918399456731,0.6467697175598214,0.3718630817841309,0.4151695362834459,0.4,0.1692606793293421,0.2,0.07453747910838651,0,0.0,0,0.0
10016,20,10,False,0.36821890102892346,0.39443558734532636,0.14375215333440242,4.308601410408611,0.3454346040472259,0.36002634043624804,0.24214127335418098,0.2641352670092187,0.43575241736706527,0.835,1.0,0.2026018683559266,0.9735673176900211,1.0,0.21663491112966987,1.1532044276642763,1.0362508722840225,0.2086701035855528,1.1632879827710443,1.053348350826402,0.2086701035855528,1.1632879827710443,1.053348350826402,0.25268782935524,1.0,0.9758670685954635,0.25268782935524,1.0,0.9758670685954635,0.20870000216034343,1.4753864455743453,1.3858218689336037,0.25275467937569346,1.14511175334278,1.0925345701337417,0.25275467937569346,1.14511175334278,1.0925345701337417,0.25275467937569346,1.14511175334278,1.0925345701337417,0.25275467937569346,1.14511175334278,1.0925345701337417,0.405843564653826,1.5871162835103663,1.327010077040229,0.25275467937569346,1.14511175334278,1.0925345701337417,0.25275467937569346,1.14511175334278,1.0925345701337417,0.25275467937569346,1.14511175334278,1.0925345701337417,0.3561913028015109,1.028022864535268,0.9827235896590716,0.3714471466500704,1.0185575843270724,0.9484961269852583,0.3714471466500704,1.0185575843270724,0.9484961269852583,0.3372783384232241,1.0943478989571975,1.0740712476525835,0.33110704425806153,1.1877571551615178,1.1047148932161421,0.42102656454437287,0.6958845794795501,0.6103644983174262,0.6,1.622632563332623,0.4,0.48352036115886965,0.2,0.09993658383874951,0.2,0.044071079630238416
10017,20,10,False,2.001934974973646,0.27725409528178924,0.37262518862191096,4.037606554280994,2.4983081784743093,0.4255461286588181,0.2262355039851016,0.2010688133881737,0.7651854324817133,0.785,1.0,0.31772736187158535,1.0,1.0,0.31772736187158535,1.0,1.0,0.31772736187158535,1.0,1.0,0.31772736187158535,1.0,1.0,0.31772736187158535,1.0,1.0,0.31772736187158535,1.0,1.0,0.5888745357052368,1.0821204431060414,1.0791805781816897,0.5455784184759641,0.6030378846741352,0.607681155290417,0.5455784184759641,0.6030378846741352,0.607681155290417,0.5041815389300757,0.6114712537396438,0.6132824035206899,0.6270797758554355,0.42177283187131287,0.43580204903543945,0.5888745357052368,1.0821204431060414,1.0791805781816897,0.7097273266346937,0.6059336898732028,0.6888903896692278,0.7097273266346937,0.6059336898732028,0.6888903896692278,0.7097273266346937,0.6059336898732028,0.6888903896692278,0.5888745357052368,1.0821204431060414,1.0791805781816897,0.6246317751575802,0.30052629479584997,0.3271592522648913,0.6246317751575802,0.30052629479584997,0.3271592522648913,0.614589926727031,0.34980893698804966,0.4013265643053459,0.6228764768557802,0.588695086011797,0.6409983242397702,0.7332906015483939,0.31206659971855777,0.31319429246178165,0.2,0.018051009288742478,0.6,0.6749293609335603,0,0.0,0,0.0
10018,20,10,False,1.1535167798554218,0.3142710975313554,0.22806533780801386,12.434455336976987,0.8508392918200312,0.4690535313488617,0.2958879221837947,0.06924517068746787,0.5465716450124286,0.82,1.0,0.406222457333047,0.864828133610361,1.0,0.49255920034641565,0.965138384162093,1.083204557110883,0.49255920034641565,0.965138384162093,1.083204557110883,0.49255920034641565,0.965138384162093,1.083204557110883,0.49255920034641565,0.965138384162093,1.083204557110883,0.3030522044974739,1.0,1.144370359881118,0.6662047246165148,0.8817509879227258,0.9961431268418248,0.5174337631016472,0.9778463767274186,1.087597383505934,0.5643606746194715,0.8926318975439851,1.0260658012151351,0.5028725171994582,0.9399568875439819,1.057288675537817,0.4665243738588689,0.93324309134114,1.0552366781588494,0.49887048183896654,0.8585527643763035,0.991267968887007,0.6331807366610184,0.9025823672282023,0.9975299910502456,0.6860645495568585,0.9128843195945373,1.0106036386454702,0.6547741522722867,0.7777938947572326,0.8772782046754127,0.7607242715131728,0.6928402860180307,0.7967283984034234,0.7070401256598173,0.7799790980013207,0.8593149809471753,0.7621519552610347,0.8113256175955914,0.8964201038831687,0.769908433944077,0.43124609016156495,0.4801854855596672,0.8252266979116676,0.6626414172813514,0.7580329137814051,0.7552200816639811,0.2803184424186075,0.3149356031420077,0.4,0.6232494258663618,0.8,3.024417298211529,0.6,0.6059605106172544,0.2,0.4458472647979712
10019,20,10,False,2.5551279236413484,0.5262818924001741,0.14748318275882477,1.9249283971895077,3.178581729953945,0.49739940074749794,0.10348516965360852,0.24294547748427814,0.507104972899587,0.725,1.0,0.65,0.958970239041737,1.0,0.48146261927726053,1.0,0.83868034782692,0.48146261927726053,1.0,0.83868034782692,0.48146261927726053,1.0,0.83868034782692,0.48146261927726053,1.0,0.83868034782692,0.48146261927726053,1.0,0.83868034782692,0.65,0.9729264358400537,1.0119254362558925,0.7,0.9820508163795749,1.0044290238553781,0.7,0.9820508163795749,1.0044290238553781,0.6,1.4164989533008743,1.0651598793845107,0.6,1.4164989533008743,1.0651598793845107,0.6,1.1280703006673087,0.9891294890446366,0.65,0.9341428862004995,1.0379181327678582,0.75,1.000315946950775,0.8784714253584947,0.6,1.1264012795291525,0.9989166014352917,0.6,1.1280703006673087,0.9891294890446366,0.75,1.000315946950775,0.8784714253584947,0.6,1.1264012795291525,0.9989166014352917,0.65,0.979880844374284,0.8599522775623906,0.7,0.9326429282047599,0.8613923392845083,0.65,0.5325828206508153,0.46540605117411366,0,5.718624486679521e-17,0.8,14.439172986251933,0.4,1.9914298730011826,0.4,0.8548173837389988
10020,20,10,False,0.35991147388210065,0.9756293572526764,0.23177951906668515,1.9092282253394497,0.444613614052271,1.0032478288118043,0.2132173492532481,0.6597791838376069,0.8527280272727353,0.805,1.0,0.28767226726874107,1.0135798546840884,1.0,0.28767226726874107,1.0135798546840884,1.0,0.2506319002846256,0.9854946196787282,0.9634669745166007,0.28866056836306314,1.0648861287661058,1.0930050482466687,0.28866056836306314,1.0648861287661058,1.0930050482466687,0.24928395815896384,1.0000000000000002,0.9645385556957413,0.16223705167714275,1.1423332258283239,1.0680440689563526,0.20940971688695076,1.196167004975548,1.191870163286456,0.23966795532669816,1.235741859168053,1.1004288173823833,0.24023179220011,1.3128657107831154,1.1495928464449205,0.24006622095488553,1.1279376169010906,1.0162021529018244,0.41346286722087494,1.2503322784237147,1.149705587463354,0.2531696250548122,1.157351208983385,1.0975189230830733,0.36148651445869145,1.11872668942493,0.9327779320955937,0.3356649208933048,1.1613809925737888,0.9807780601405086,0.3556498042493448,1.1546872051728745,0.969052628902101,0.24023179220011,1.3128657107831154,1.1495928464449205,0.36025541535787753,1.2826692923667309,1.0283815353281263,0.5364716905771062,0.2964915042137785,0.3254491389170496,0.3961632006119949,1.1343568785333464,0.9379233718292835,0.5727284723876276,0.16724702253661214,0.16700540799980373,0.2,0.6381566121659309,0.4,1.7856091378082724,0.2,0.0,0.2,0.0
10021,20,10,False,0.4424231337363962,0.2800898055232294,0.5012629296949846,7.049234820619407,0.4240604268252288,0.3695889599162473,0.3743151184301695,0.07374491696800921,0.9852571511421826,0.775,1.0,0.23254261849543226,1.314838850971968,1.0,0.19198232406116159,1.0,0.7881625695845383,0.19198232406116159,1.0,0.7881625695845383,0.19198232406116159,1.0,0.7881625695845383,0.19198232406116159,1.0,0.7881625695845383,0.19198232406116159,1.0,0.7881625695845383,0.1780135960840158,1.4756790809439095,1.123773872779085,0.2565827512157032,1.1290364109905362,0.8523171671073971,0.23699832815308278,1.7777894144804174,1.3400521382711577,0.2103626234077019,1.3057208133568858,0.9603619051112928,0.2103626234077019,1.3057208133568858,0.9603619051112928,0.19258923895030397,1.4005588486251774,1.0669232625853908,0.18629326451912806,1.7667513441216762,1.34365102848997,0.24607386145689714,1.661906937328559,1.2673550279974308,0.1933348735324009,1.4000339993913176,1.0403783150626134,0.19258923895030397,1.4005588486251774,1.0669232625853908,0.2130011938819203,1.454710505393811,1.1167580843413214,0.2130011938819203,1.454710505393811,1.1167580843413214,0.1933348735324009,1.4000339993913176,1.0403783150626134,0.20008282609999237,1.440374206820062,1.1062042596748578,0.30975363118139776,0.47753206967774653,0.3634100965505988,0.2,0.11612851167869877,0.2,2.5986328438057287,0,0.0,0,0.0
10022,20,10,False,3.002533206794543,0.7380626521499167,0.4536365741862567,2.5488531345848497,2.092184715535295,0.723964629219201,0.4409988562197678,0.15584789003243654,0.6823628462549958,0.7,1.0,0.3412836485642226,0.9007984301148517,1.0,0.4138011176724217,1.0000000000000002,1.0946685690557054,0.4138011176724217,1.0000000000000002,1.0946685690557054,0.4138011176724217,1.0000000000000002,1.0946685690557054,0.4138011176724217,1.0000000000000002,1.0946685690557054,0.4138011176724217,1.0000000000000002,1.0946685690557054,0.460672677099677,1.0341184760482198,1.1417937040288522,0.44151966735092474,1.2276046139662073,1.2295077467119575,0.4011253478009633,1.0115717598324976,1.0864948918450401,0.4011253478009633,1.0115717598324976,1.0864948918450401,0.4312781937062837,0.9707857878970929,1.0759091527082616,0.427326586721524,0.9774221347934015,1.0808405783418937,0.4413429982031206,1.0212755975203072,1.1492224973691358,0.4011253478009633,1.0115717598324976,1.0864948918450401,0.4011253478009633,1.0115717598324976,1.0864948918450401,0.427326586721524,0.9774221347934015,1.0808405783418937,0.4391392770623982,0.9593198396895422,1.0545975430144658,0.4391392770623982,0.9593198396895422,1.0545975430144658,0.4555103086236716,0.9786887611496142,1.0855575775793824,0.4863923418916574,1.131034790242446,1.2690318048166231,0.4555103086236716,0.43547592870676227,0.47750432967861484,0,0.0,0.6,1.4671070594660303,0.6,0.514672726810448,0,0.0
10023,20,10,False,2.4577292123071293,0.7350791664109221,0.4517406761047658,24.104599376004852,2.6873961358054967,0.7445423647943311,0.5052928439740573,0.01944654329371183,0.998656659381058,0.72,1.0,0.5993446731908693,0.865796381215381,1.0,0.45365856060975396,0.9999999999999999,1.1596041129818153,0.45365856060975396,0.9999999999999999,1.1596041129818153,0.45365856060975396,0.9999999999999999,1.1596041129818153,0.45365856060975396,0.9999999999999999,1.1596041129818153,0.45365856060975396,0.9999999999999999,1.1596041129818153,0.5048051706197134,0.720279498778462,0.8352721827200302,0.4866948545318603,0.9582705359006889,1.1094152415794902,0.4850229217126585,0.8920524085314105,1.0340625167880542,0.4850229217126585,0.8920524085314105,1.0340625167880542,0.4850229217126585,0.8920524085314105,1.0340625167880542,0.5105168076269512,0.651594600437558,0.7541601623083359,0.5154532423805794,0.7192378778119364,0.8387962000802003,0.49748135042226116,0.7595072816508418,0.8780043452813372,0.49748135042226116,0.7595072816508418,0.8780043452813372,0.5693736347440147,0.690886647613457,0.7964997141573169,0.6868740716975565,0.9568190594724932,1.1063345281167662,0.6868740716975565,0.8972329631872539,1.0324915622011963,0.6495441360005704,0.6512477263050969,0.7461098233696184,0.648445837778513,0.7973262193687896,0.924956737620576,0.6868250697009733,0.31599983341307686,0.3630204824430002,0.6,0.7773834330705081,1,3.1827601519598945,1,0.8454512551064295,0.6,0.6339965859148461
10024,20,10,False,0.2721335054774647,0.5739818913319423,0.3902993758878596,1.41506127422491,0.3444080138383241,0.637804749415722,0.5934563187150208,1.8200688549461057,0.7578862550122426,0.715,1.0,0.3129325012791123,2.452848851716398,1.0,0.18805012300583418,0.7950546615652417,0.7350185198844991,0.18805012300583418,0.7950546615652417,0.7350185198844991,0.15400831735360496,1.0000000000000002,0.43828772302998653,0.15400831735360496,1.0000000000000002,0.43828772302998653,0.15400831735360496,1.0000000000000002,0.43828772302998653,0.20357201045743964,0.7718534285937728,0.7582396263561488,0.20357201045743964,0.7718534285937728,0.7582396263561488,0.2309759360813814,2.1307836454092306,0.8011553032983706,0.2309759360813814,2.1307836454092306,0.8011553032983706,0.21993254850706723,2.0395694659032184,0.6444054078186957,0.20357201045743964,0.7718534285937728,0.7582396263561488,0.20357201045743964,0.7718534285937728,0.7582396263561488,0.2309759360813814,2.1307836454092306,0.8011553032983706,0.26957362590349904,1.8393899157969884,0.5418454721959951,0.32706273612080994,0.8241583277169446,0.5943959158240306,0.24904014111251932,2.0112961802144875,0.662267641490963,0.23410733820116705,2.0112961802144875,0.662267641490963,0.3124427372071693,2.2379984084622575,0.7844756268237327,0.3009609223897772,1.8559138516292322,0.5576961277416407,0.3694103070565713,0.23660645939401542,0.16248561621837396,0.4,3.120725096958177,0.2,0.819982283964168,0,0.0,0.2,0.061415784673032124
10025,20,10,False,2.1463805223476338,0.9859949923948894,0.47753121962959966,11.515140846455571,2.2830406121692777,0.8555593666811248,0.40192756076034986,0.04415640869569195,0.49199266180827683,0.8,1.0,0.604993129926943,0.8985209436602456,1.0,0.6841910398391892,1.0,1.1180536417375735,0.6841910398391892,1.0,1.1180536417375735,0.6841910398391892,1.0,1.1180536417375735,0.6841910398391892,1.0,1.1180536417375735,0.6841910398391892,1.0,1.1180536417375735,0.6524592820945109,1.1231552043203206,1.2303170844646591,0.6283010345371791,0.9728752495811065,1.080557698744028,0.6283010345371791,0.9728752495811065,1.080557698744028,0.6283010345371791,0.9728752495811065,1.080557698744028,0.6283010345371791,0.9728752495811065,1.080557698744028,0.7988032544794644,1.0224707821531218,1.135070944032721,0.7988032544794644,1.0224707821531218,1.135070944032721,0.7988032544794644,1.0224707821531218,1.135070944032721,0.7988032544794644,1.0224707821531218,1.135070944032721,0.7988032544794644,1.0224707821531218,1.135070944032721,0.7988032544794644,1.0224707821531218,1.135070944032721,0.7988032544794644,1.0224707821531218,1.135070944032721,0.7988032544794644,1.0224707821531218,1.135070944032721,0.7988032544794644,1.0224707821531218,1.135070944032721,0.8,0.270326629691741,0.29527451006257616,0.8,0.08076320068889357,0.6,3.936148675713042,0,0.0,0.2,0.005619057383969362
10026,20,10,False,6.080833779961204,0.061543258255670974,0.5150411981410998,9.022143867254318,4.666144361962544,0.348024507306696,0.38977323131945896,0.16581960309038035,0.6210307748727025,0.635,1.0,0.6,0.8776097786741015,1.0,0.6,1.0547059196912223,0.9691996475367085,0.6,1.0547059196912223,0.9691996475367085,0.6,1.0547059196912223,0.9691996475367085,0.6,1.0547059196912223,0.9691996475367085,0.6966430459987598,1.0,0.9028507374891989,0.9445688615199124,1.122162777641562,0.9858501861439499,0.9445688615199124,1.0168291609672677,0.9067679617011213,0.9445688615199124,1.0168291609672677,0.9067679617011213,0.9445688615199124,1.0168291609672677,0.9067679617011213,0.7966430459987598,1.0584611021183674,0.9980329449745656,0.9445688615199124,1.122162777641562,0.9858501861439499,0.9445688615199124,1.0168291609672677,0.9067679617011213,0.9445688615199124,1.0168291609672677,0.9067679617011213,0.9445688615199124,1.0168291609672677,0.9067679617011213,0.9445688615199124,1.122162777641562,0.9858501861439499,1.0,1.0202724206346554,1.052382495185194,0.9945688615199124,0.9698058868142788,0.9760771493195154,0.9445688615199124,1.122162777641562,0.9858501861439499,0.946789331379294,0.6807447228494418,0.635058741959876,0.931941142433597,0.6693020710067402,0.6047086444331736,0.2,0.0243718968574554,0.6,0.5247764396251067,0.2,0.0,0,0.0
10027,20,10,False,0.6371389318606275,0.04284627739877811,0.5154093924788635,7.5757617906317245,0.7024484199028124,0.21066725680817772,0.35417360015072535,0.12012656044025831,0.7003873799456638,0.705,1.0,0.26989149665929046,1.1036657644433387,1.0,0.3106144708118758,1.0,0.9383036727703203,0.3106144708118758,1.0,0.9383036727703203,0.3106144708118758,1.0,0.9383036727703203,0.3106144708118758,1.0,0.9383036727703203,0.3106144708118758,1.0,0.9383036727703203,0.3251976789243775,1.1183337793036072,1.0258961223412788,0.33370951051272046,1.2831687191215422,1.1611346465685557,0.33370951051272046,1.2831687191215422,1.1611346465685557,0.33370951051272046,1.2831687191215422,1.1611346465685557,0.33370951051272046,1.2831687191215422,1.1611346465685557,0.35331903569940293,1.3940625598473644,1.254681677102647,0.33370951051272046,1.2831687191215422,1.1611346465685557,0.33370951051272046,1.2831687191215422,1.1611346465685557,0.35785623094354985,1.1810765680507707,1.0753337310322868,0.5208126352277278,1.147362571831035,1.0398404675228268,0.379438954838959,1.1401451523579338,1.0256406272189058,0.3265277338453587,1.2890634180502352,1.170492368671455,0.4639264747444968,1.1586797292177913,1.0171254133996064,0.4896008374433347,0.9755215888386193,0.8713153598571796,0.462196835368011,0.547394632034872,0.5201261829126452,0.8,1.6276138824499808,0.6,1.7650826383317728,0,0.0,0,0.0
10028,20,10,False,0.5927750468329065,0.8112323277433269,0.10706101543204091,4.389443163353643,1.2421153077465077,0.9904434082516653,0.12639401031117134,0.09455983327228795,0.9254774463980484,0.805,1.0,0.2994165006550222,2.3084458757841326,1.0,0.41872804819672854,1.3901346608243683,0.6009278902044655,0.41872804819672854,1.3901346608243683,0.6009278902044655,0.41872804819672854,1.3901346608243683,0.6009278902044655,0.35003577400073677,1.0,0.4421761148705492,0.35003577400073677,1.0,0.4421761148705492,0.46173233056394486,0.9164000241211196,0.3839295454825429,0.5758126355371612,1.7295521067678774,0.7237142183410197,0.5758126355371612,1.7295521067678774,0.7237142183410197,0.38662048300643,2.0021702687711795,0.8621106516648454,0.38662048300643,2.0021702687711795,0.8621106516648454,0.4236313023546084,1.3440133552818654,0.594018163758721,0.34378046791719014,1.8890001980489712,0.7796298205407601,0.38908573812319924,2.1176133520234544,0.8813717078261226,0.38908573812319924,2.1176133520234544,0.8813717078261226,0.7456780331217503,1.050121895211807,0.4494075341240554,0.5125515984753779,1.4516162655062579,0.6093712830852471,0.44653594971921395,1.645078044503674,0.7038733564575426,0.7526781952629719,1.0167066702943235,0.43412685900726017,0.591348982139507,1.4467565499518955,0.5979330093343906,0.7526781952629719,0.561077405344824,0.2357066695391269,0.6,0.1592747053385889,0.4,1.9821988992675725,0,0.0,0.6,0.30561006970584226
10029,20,10,False,0.2990245331620024,0.9789146724065069,0.13934480587008213,11.662743166071182,0.36796699605509564,1.269587231490828,0.09494300531052594,0.04674531148373765,0.6267034723176059,0.665,1.0,0.2424387267082203,0.9860241879354028,1.0,0.23770873621263156,0.9986287030650419,1.0117677467214024,0.2424387267082203,0.9860241879354028,1.0,0.2424387267082203,0.9860241879354028,1.0,0.2424387267082203,0.9860241879354028,1.0,0.22416723919486808,1.0,1.013254766157741,0.18378488000236512,0.6509132166073858,0.6410148453244914,0.2081065307245538,0.662718029469843,0.6532415954199825,0.2235377438428053,0.6399793046492707,0.625925361537544,0.2563745656496183,1.094707868376787,1.1078767026815088,0.26540484803525183,1.1232569513729536,1.1370588304824687,0.2767720186463654,1.0629241832347966,1.0859147057437526,0.2798777513425713,0.7258179135505493,0.7219662511961662,0.2798777513425713,0.7258179135505493,0.7219662511961662,0.2798777513425713,0.7258179135505493,0.7219662511961662,0.28210491154443973,0.932749130703519,0.9520425503521392,0.27345781135516667,0.6534935546163434,0.6518833531496766,0.20757141210862065,0.5737065361948064,0.5987397353969525,0.28210491154443973,0.932749130703519,0.9520425503521392,0.29619789570906874,0.5429960587803666,0.5322187380493247,0.338584733474383,0.08207182713165909,0.08188603123247386,0.4,1.1130190084289298,0.4,6.003809090783247,0.2,1.1620161076064999,0,0.0
10030,20,10,False,0.6248348676416245,0.30176340874121566,0.5080710162077547,32.85524257000197,0.972422655692981,0.45632492341620945,0.840478598590663,0.03267446530518489,1.011911849865321,0.845,1.0,0.46103794406077836,1.112452126781824,1.0,0.3303838578173469,1.0,0.9056135734002836,0.3303838578173469,1.0,0.9056135734002836,0.3303838578173469,1.0,0.9056135734002836,0.3303838578173469,1.0,0.9056135734002836,0.3303838578173469,1.0,0.9056135734002836,0.5254818214442426,1.1922438108486684,1.0775514571299873,0.5031874821401415,1.2874715378625738,1.1635679694480094,0.5031874821401415,1.2874715378625738,1.1635679694480094,0.5031874821401415,1.2874715378625738,1.1635679694480094,0.5031874821401415,1.2874715378625738,1.1635679694480094,0.6826361331035894,1.5946405754845396,1.4287480255481075,0.4650364295571516,1.5613504048190678,1.3969423407983879,0.4650364295571516,1.5613504048190678,1.3969423407983879,0.4650364295571516,1.5613504048190678,1.3969423407983879,0.7515860708509012,1.2627610745583373,1.1302300443359297,0.6349212699103727,1.1371931821412475,1.0214593864457913,0.6349212699103727,1.1371931821412475,1.0214593864457913,0.5799389768912788,1.184360433623754,1.0680550536807478,0.6349212699103727,1.1371931821412475,1.0214593864457913,0.6245694889819026,0.5463498904148683,0.4925218178976007,0.4,0.09980921610196838,0.2,0.3377635425930444,0,0.0,0,0.0
10031,20,10,False,0.2553570362196605,0.44011139987270176,0.5265848525978859,14.479573663682126,0.24689962790777603,0.5606479700740015,0.6405875222074164,0.10732912879714711,0.902033337351516,0.86,1.0,0.10885905787459056,0.9952358630156809,1.0,0.1006329696772942,1.0,1.00429992513699,0.1006329696772942,1.0,1.00429992513699,0.1006329696772942,1.0,1.00429992513699,0.1006329696772942,1.0,1.00429992513699,0.1006329696772942,1.0,1.00429992513699,0.15869414260991574,1.0079667934838574,0.9664315955999856,0.2265294769477666,1.0934015758298743,1.0450555625709947,0.14333814093032307,1.017503954197158,1.0015136726653349,0.14333814093032307,1.017503954197158,1.0015136726653349,0.14333814093032307,1.017503954197158,1.0015136726653349,0.2414409528308243,0.8117456280968456,0.8057012782572002,0.20883715183233864,1.0808355861530827,1.0548042622224392,0.20883715183233864,1.0808355861530827,1.0548042622224392,0.16820130283805454,0.9970528445413983,0.9746068016967423,0.19163402632111312,0.8819788179547616,0.8440674779280242,0.20883715183233864,1.0808355861530827,1.0548042622224392,0.20883715183233864,1.0808355861530827,1.0548042622224392,0.22188390809581013,1.069288135167628,1.0389859751341004,0.24520757649758568,1.060579801787111,1.0327187326941196,0.3395717189220788,0.3412433366678152,0.34107102528873234,0.6,0.8632012679312593,0.8,3.4862962105332334,0.6,0.1968737523345433,0.6,0.3127051126069991
10032,20,10,False,7.337186096125953,0.03559370774016235,0.25668182008090906,49.24348661756166,4.565747128337211,0.4253340903406848,0.20660708829507135,0.010663414552619042,0.6703973478310746,0.845,1.0,0.8443002606519584,0.9931814616198242,1.0,0.8,1.0,1.005789954442988,0.8,1.0,1.005789954442988,0.8,1.0,1.005789954442988,0.8,1.0,1.005789954442988,0.8,1.0,1.005789954442988,0.8443002606519584,0.9931814616198242,1.0,0.5,0.8270357076525717,0.8309284204555608,0.7854492756820518,0.9167564775873103,0.9215698864083801,0.7854492756820518,0.9167564775873103,0.9215698864083801,0.7854492756820518,0.9167564775873103,0.9215698864083801,0.8943002606519583,0.9818885668041325,0.9883568817923498,0.8443002606519584,1.05786265442938,1.0644983465770201,0.9,1.0031036702929557,1.0068843437203243,0.9,1.0031036702929557,1.0068843437203243,0.8943002606519583,0.9818885668041325,0.9883568817923498,0.9,1.0031036702929557,1.0068843437203243,0.9,1.0031036702929557,1.0068843437203243,0.8943002606519583,0.9818885668041325,0.9883568817923498,0.9,1.0031036702929557,1.0068843437203243,0.869332919664629,0.33003168576675485,0.33313316582092417,0.2,0.0,0.6,6.5959151953166995,1,3.257488480608684,0.8,3.7020403076554276
10033,20,10,False,0.37376002506899786,0.7077782810865377,0.33628545072998767,28.316840941326326,0.3968698739053077,0.9412608390049219,0.34887797574809853,0.021995913245214996,0.8648171374455086,0.82,1.0,0.19989452524050513,1.24891626103825,1.0,0.1390118907631422,1.0,0.8142313836699369,0.1390118907631422,1.0,0.8142313836699369,0.1390118907631422,1.0,0.8142313836699369,0.1390118907631422,1.0,0.8142313836699369,0.1390118907631422,1.0,0.8142313836699369,0.2483495381795546,1.1077911108755834,0.8921920189909318,0.217693115062202,1.2237517705921481,0.9713151601327187,0.217693115062202,1.2237517705921481,0.9713151601327187,0.217693115062202,1.2237517705921481,0.9713151601327187,0.217693115062202,1.2237517705921481,0.9713151601327187,0.21821225346860942,1.1030488877659688,0.883738120786479,0.18099828762057069,1.334462290225223,1.0738604242827952,0.217693115062202,1.2237517705921481,0.9713151601327187,0.217693115062202,1.2237517705921481,0.9713151601327187,0.28883833537965486,1.1355215105358232,0.9054613704973035,0.18607888491631558,1.2349301237162238,0.9897839012617791,0.18607888491631558,1.2349301237162238,0.9897839012617791,0.28516075826379933,0.8462352116140189,0.6872042757522043,0.293474199348294,1.0245857960230402,0.8090407730764027,0.33188741068172917,0.2036566100591507,0.16320109902461508,0.4,0.44926140288760275,0.6,2.259757904821635,0.4,0.1337495123398896,0.2,0.25210736150599883
10034,20,10,False,1.8124962141494978,0.508196745105863,0.35403403355431173,14.7585445499762,2.2362041104200654,0.4549636114551707,0.3295736597332259,0.08412070067919958,0.7133073981254525,0.85,1.0,0.7285356297388754,0.8942432512848372,1.0,0.5703646359410394,0.9243954623101114,1.0934225730462492,0.7090318421133152,0.7815021425381765,0.8901985956153522,0.8476189381141458,1.0213966236557628,1.196779834388872,0.778714586844362,0.9724478407410475,1.125972191438886,0.7810956487302162,1.0,1.1542391000557464,0.6511660222599587,1.0125973943509097,1.167624475023077,0.7917818851446528,1.1344081438761362,1.3106106928555097,0.7917818851446528,1.1344081438761362,1.3106106928555097,0.7917818851446528,1.1344081438761362,1.3106106928555097,0.7917818851446528,1.1344081438761362,1.3106106928555097,0.8282657851361174,0.9516363675374094,1.1058687833817842,0.7655322993476459,1.0057184240882349,1.1665907659226125,0.7655322993476459,1.0057184240882349,1.1665907659226125,0.7333651819587055,1.0834668634394815,1.2649055091538748,0.85,0.9267918204527634,1.073392629691299,0.8065495723263366,0.9587670270332664,1.081137543249977,0.773809802769413,1.0875753804648294,1.2327769565233206,0.9195063785834691,0.6875870033942939,0.7988588190023432,0.8978384565100026,0.7343369011755918,0.8558875594829269,0.8942080514015013,0.47786815336094124,0.5693076206245999,0.4,0.4824730960798979,0.6,1.5471780301581657,0.6,0.4258904490453176,0.4,1.1150720905232727
10035,20,10,False,0.27793038325188074,0.47266248660234367,0.28140099588662454,12.121578719975485,0.370541204000368,0.5557519813330548,0.23816405149326042,0.09285276232296673,0.8861491587290506,0.81,1.0,0.18614434693632553,1.1350478854262722,1.0,0.13255379303906226,1.4627902515294906,1.268055058788802,0.13255379303906226,1.4627902515294906,1.268055058788802,0.12727942312334298,1.0,0.8779379371844243,0.12727942312334298,1.0,0.8779379371844243,0.12727942312334298,1.0,0.8779379371844243,0.33765680195108927,1.8490017662385059,1.6727014225075982,0.24236558641765935,1.4791903194783036,1.3237874964550733,0.1509281911850774,1.969645710041748,1.7302244294265026,0.1509281911850774,1.969645710041748,1.7302244294265026,0.1509281911850774,1.969645710041748,1.7302244294265026,0.1509281911850774,1.969645710041748,1.7302244294265026,0.282975573067304,1.2445500304052486,1.106762422298173,0.1509281911850774,1.969645710041748,1.7302244294265026,0.1509281911850774,1.969645710041748,1.7302244294265026,0.1509281911850774,1.969645710041748,1.7302244294265026,0.10125023921753001,1.5875571217662396,1.4323547031781134,0.282975573067304,1.2445500304052486,1.106762422298173,0.44867500807027594,1.4187127554550247,1.2540091758039948,0.46026749898952535,1.7037549753546934,1.5300475541000298,0.39524856304560113,0.5308289658088412,0.4578446764811448,0.6,6.849686928439404,0.4,0.6578842538080922,0,0.0,0,0.0
10036,20,10,False,0.3333059904033658,0.49034779455268196,0.2152480081367328,18.68605690803824,0.549996492636396,0.48119313440890027,0.1416992988457641,0.029932571774036326,0.4257968939377726,0.605,1.0,0.26240368639895234,0.8579227718876926,1.0,0.2985022130378652,0.9146222836683182,1.0713369623794495,0.2985022130378652,0.9146222836683182,1.0713369623794495,0.2985022130378652,0.9146222836683182,1.0713369623794495,0.2849314819850425,0.9815364327405475,1.154104474327997,0.3264552172922079,1.0,1.173023027830001,0.31728281374351613,1.008002145033164,1.1830250436516858,0.3041029203681239,0.9656201188612242,1.1248494930193353,0.3041029203681239,0.9656201188612242,1.1248494930193353,0.3041029203681239,0.9656201188612242,1.1248494930193353,0.3041029203681239,0.9656201188612242,1.1248494930193353,0.3466394005743081,0.9828936287735084,1.1487206402408703,0.31728281374351613,1.008002145033164,1.1830250436516858,0.31354251489636203,0.9148136681795569,1.065771174311116,0.32993540080915074,1.005054579985617,1.179866993565927,0.3243072718325118,0.9974845704763435,1.1700720394556556,0.305494473531591,1.0300002788445346,1.2001845517001972,0.3389155408561479,0.9633202674514285,1.1302186673969474,0.37639833870066874,0.7479452700492515,0.8754139312392197,0.40567326865800396,0.7980261262475787,0.9316809813763726,0.40361866940321905,0.5076757492513891,0.6010790483531706,0.6,0.6393222712823209,0.6,2.193033433820919,0.6,0.3486876886876146,0.8,0.5385625506730732
10037,20,10,False,1.43658871371606,0.11425213674542778,0.5020792143208268,45.716435754246994,1.0357831194913145,0.36526475398039654,0.41330573445828467,0.00719022436393028,1.1252318846377016,0.88,1.0,0.38749392207092903,0.9999999999999999,1.0,0.38749392207092903,0.9999999999999999,1.0,0.38749392207092903,0.9999999999999999,1.0,0.38749392207092903,0.9999999999999999,1.0,0.38749392207092903,0.9999999999999999,1.0,0.38749392207092903,0.9999999999999999,1.0,0.5437702761525998,1.3804023376002417,1.3802820080807534,0.5437702761525998,1.3804023376002417,1.3802820080807534,0.5437702761525998,1.3804023376002417,1.3802820080807534,0.5437702761525998,1.3804023376002417,1.3802820080807534,0.5437702761525998,1.3804023376002417,1.3802820080807534,0.6013972548065641,1.3680809919082428,1.3678877735917785,0.6013972548065641,1.3680809919082428,1.3678877735917785,0.6013972548065641,1.3680809919082428,1.3678877735917785,0.6013972548065641,1.3680809919082428,1.3678877735917785,0.4937702761525998,1.2779281054258187,1.277088118068191,0.4937702761525998,1.2779281054258187,1.277088118068191,0.4937702761525998,1.2779281054258187,1.277088118068191,0.5082720010303737,0.9476061825792345,0.9486125258953216,0.5082720010303737,0.9476061825792345,0.9486125258953216,0.5818768531169987,0.4119364338425854,0.412059359178209,0.6,0.307790778440833,0.2,0.17525191998937342,0,0.0,0,0.0
10038,20,10,False,5.0739023457337895,0.7535775702049804,0.38339000529775924,18.985192884726033,6.462293295725849,1.1702078580356414,0.26692478116759216,0.03675017129345493,0.8117831645112095,0.75,1.0,0.65,0.9536112476491918,1.0,0.7,0.9637804855391551,1.0075189407352645,0.7,1.0,1.0485068718848634,0.7,1.0,1.0485068718848634,0.7,1.0,1.0485068718848634,0.7,1.0,1.0485068718848634,0.7,0.9634810328172356,1.0242565194968307,0.7,0.9634810328172356,1.0242565194968307,0.75,1.0222478962371646,1.0402321375496189,0.75,1.0222478962371646,1.0402321375496189,0.75,1.0222478962371646,1.0402321375496189,0.6,0.9219457073508145,0.9694221423120938,0.8,1.059261960433361,1.1121367611106716,0.8,1.0017316181205245,1.0197950472368387,0.8,1.0017316181205245,1.0197950472368387,0.7,0.9374804139914418,0.9832721123528718,0.85,0.5130902577101781,0.5298618602296622,0.85,0.5130902577101781,0.5298618602296622,0.7,0.9374804139914418,0.9832721123528718,0.85,0.5130902577101781,0.5298618602296622,0.8385360361014609,0.30592995463899364,0.31875509754664544,0,0.0,0.8,47.587692987996434,0.4,5.896373174170442,0.6,6.552193802499469
10039,20,10,False,0.2772803811293758,0.1355523808551471,0.22061986545277626,5.1621226204683195,0.19529448185680262,0.3860993198567455,0.2289164785242998,0.2174985477828336,0.2884248208768952,0.92,1.0,0.1324763508728524,1.1028026039204748,1.0,0.2369918269834728,1.0135677987644807,0.8766014344988744,0.2369918269834728,1.0135677987644807,0.8766014344988744,0.17403538135559152,1.0441428665188084,0.8991171956471441,0.11837335265612271,1.0217139740981802,0.8593559718603643,0.16671157795966735,1.0,0.8304848038152383,0.2600388705508977,1.0847013905490146,0.9380893943851615,0.27897750945749916,1.1031634428090895,0.9165292940844881,0.16892191036674017,1.1121656963229425,0.9420399535940243,0.20209499073586024,1.0632019608008012,0.8982909555372364,0.2132582565080785,1.179303486257315,0.9895123772218957,0.2413239492537869,1.1865169712150523,1.0041545076921126,0.20957861442602457,1.235541868096093,1.128350641729736,0.2715824208471057,1.084918503520635,0.9026969466877188,0.19695427959346715,1.2064416557240563,1.0391879259522117,0.2413239492537869,1.1865169712150523,1.0041545076921126,0.27399193989124343,1.0737931816841204,0.8941439980723292,0.21036337705150948,1.1674628082835012,1.0326690842410042,0.23558348725464695,1.0796044283192079,0.9467203550535066,0.29091937520502215,0.7982881576068815,0.6512529379810523,0.34370651132350627,0.5646040146450717,0.4846135501637973,1,1.606655785921441,0.8,0.8336589250625601,0.2,0.16312553311060493,0.4,0.47712749046572844
10040,20,10,False,0.8595717243840977,0.9571717734422793,0.057494556335777734,4.064623964719572,0.8351323080130492,1.0402081664624903,0.05171261567090241,0.14271651897346718,0.6553345939498484,0.75,1.0,0.29709690213061646,0.7380307804787227,1.0,0.3044325156919803,0.6202354395237049,0.8098587712304611,0.4770334429589427,1.0000000000000002,1.2575565382439131,0.4770334429589427,1.0000000000000002,1.2575565382439131,0.4770334429589427,1.0000000000000002,1.2575565382439131,0.4770334429589427,1.0000000000000002,1.2575565382439131,0.26128538484948677,0.729692894059379,0.9912631341087804,0.4541790575449065,0.9478389333527645,1.121700929015887,0.4541790575449065,0.9478389333527645,1.121700929015887,0.4541790575449065,0.9478389333527645,1.121700929015887,0.4541790575449065,0.9478389333527645,1.121700929015887,0.5029388853172174,0.8497525894082023,0.9811146297094034,0.5834452054608339,0.9323611933119815,1.0415098613318718,0.5834452054608339,0.9323611933119815,1.0415098613318718,0.38927061337306484,0.7986715775407027,0.9281075425899354,0.42511277472383724,0.8322613824291806,0.9051544161815832,0.556180558283435,0.9010537840386982,0.9965636438236036,0.556180558283435,0.9010537840386982,0.9965636438236036,0.5795135504433193,0.42522941108286455,0.4503525822273643,0.5732355915783192,0.42522941108286455,0.4503525822273643,0.5229154012642164,0.22996394130493597,0.274913026108729,0.6,0.6128275082197656,0.6,8.343458329250119,0.4,0.31318987185388436,0.4,0.26879007362931095
10041,20,10,False,1.9869664784367087,0.09440985994737483,0.2008339501582387,9.679696303152326,2.2375121771269164,0.26464571367688045,0.17504957559751058,0.11421464854961974,0.48647888179050724,0.99,1.0,0.7644040503018945,0.8924053112827006,1.0,0.95,1.0534222868848484,1.1459695260439742,0.6814361761294231,0.9884161643118754,1.032577442754676,0.6814361761294231,0.9884161643118754,1.032577442754676,0.8392864589148796,0.8278704965457699,0.8828851183718632,0.8369087901571659,0.9999999999999999,1.0672186015564111,0.8889732509397253,0.7805841924971503,0.8664370277246664,0.9882485169417292,1.0187708376771745,1.0849996084248916,0.95,1.002652604733351,1.1242779277358936,0.9764764449421076,0.9116213643769127,0.9750745818500454,0.9764764449421076,0.9116213643769127,0.9750745818500454,0.9476182030159043,0.8459432366489223,0.9428511047610251,0.9921567168698402,0.8958777116719155,0.9967210536236919,0.8688983321124966,0.7932338683105341,0.8133234858676371,0.9758276694466738,0.8581577736601725,0.9454784120532908,0.8882551238807106,0.8222662601141522,0.9451268694926588,0.9456647682985418,0.8384192833878761,0.9293564392129824,0.9456647682985418,0.8384192833878761,0.9293564392129824,0.9622320953806981,0.7100957360571137,0.7960552189541936,0.9456647682985418,0.8384192833878761,0.9293564392129824,0.9520594576474102,0.5045035404879729,0.5763530087790729,0.2,0.020913032114973782,0.2,0.8495120660330571,0.2,0.1042367786220181,0.2,0.04542803584946598
10042,20,10,False,2.500439036845101,0.48030290164110034,0.5401480229420901,3.788440170741213,1.7662250072164563,0.5899787458199675,0.5000238757554696,0.5331572357442665,0.5191756015115678,0.725,1.0,0.6975154945352139,1.154938901615813,1.0,0.5043887376886256,0.8054108963457689,0.8476108526983448,0.5094989134126,0.790159744949848,0.896725466790882,0.7084135381096738,1.0941562005198981,0.9733711845726335,0.7,1.2371604383807495,1.089471787156968,0.6090889152507463,0.9999999999999999,0.8467480012221945,0.65,1.1448717127798818,0.9770732794114599,0.7433935662665058,0.8430191948998698,0.8436230946149187,0.571127926694233,0.9691689796194921,0.8793313517480036,0.571127926694233,0.9691689796194921,0.8793313517480036,0.571127926694233,0.9691689796194921,0.8793313517480036,0.6974446529614012,0.6537341583640894,0.8794897320636301,0.7433935662665058,0.8430191948998698,0.8436230946149187,0.7,0.9796980115835914,0.8435043955213118,0.7,0.9796980115835914,0.8435043955213118,0.6974446529614012,0.6537341583640894,0.8794897320636301,0.7,0.9796980115835914,0.8435043955213118,0.7,0.9796980115835914,0.8435043955213118,0.75,0.663885280518686,0.6814357569660884,0.7029907064812656,0.5698371775772828,0.5566430855002668,0.7266649317826809,0.4318592893786979,0.4356072590008402,0,0.0,0.8,1.5615694739377433,0.2,0.012164968127183384,0.6,0.1568797496921963
10043,20,10,False,3.7311672767645945,0.5604464997993899,0.03878638144062578,47.333221457114306,5.854135433851849,0.5252448131678614,0.03466863938361365,0.007285478322044235,0.8067486023209263,0.9,1.0,0.85,1.064608313187351,1.0,0.8,1.0,0.9409240294416921,0.8,1.0,0.9409240294416921,0.8,1.0,0.9409240294416921,0.8,1.0,0.9409240294416921,0.8,1.0,0.9409240294416921,0.7,1.0696527355830232,1.0065654487173348,0.9,1.0365287996593522,0.973440528673436,0.9,1.0365287996593522,0.973440528673436,0.9,1.0365287996593522,0.973440528673436,0.9,1.0365287996593522,0.973440528673436,0.9,0.7337918932429539,0.6893673737593494,0.9,1.0365287996593522,0.973440528673436,0.9,1.0365287996593522,0.973440528673436,0.9,1.0365287996593522,0.973440528673436,0.9,0.8429654480986026,0.7925947298736994,0.9,1.1004069331869868,1.0344183453438713,0.9,1.1004069331869868,1.0344183453438713,0.8994815462529127,0.9698175257990401,0.9063625470811687,0.9,1.0365287996593522,0.973440528673436,0.9,0.3958108627927611,0.37232514084759744,0,2.5507556480205198e-17,1,2.096743689749771,0.6,0.3067885106220529,1,2.096743689749771
10044,20,10,False,2.0630371476267193,0.6829866688568493,0.11879882437488037,4.558582660921048,1.8538748136965333,0.6749006082613013,0.10587891107347681,0.23560127900076652,0.7957395085944038,0.745,1.0,0.7341724809089238,0.7612843643614995,1.0,0.6241341522967119,1.0938798285826852,1.4730867394936709,0.6241341522967119,1.0938798285826852,1.4730867394936709,0.7311025834369995,1.0856875395726946,1.4972606479971668,0.6193327783113385,1.0,1.353824761870634,0.6193327783113385,1.0,1.353824761870634,0.4814330506388492,0.8526216736369776,1.1541497630748019,0.6625081497768556,0.9079400710260355,1.2413908263875002,0.6782614233710056,0.9184366021718823,1.2231081351398956,0.5629348189108411,0.9318460011154674,1.2575634341144815,0.5629348189108411,0.9318460011154674,1.2575634341144815,0.6481031393341302,0.8443487368516316,1.1696558710929614,0.6211491039194261,1.075141200663917,1.4455934937078305,0.6625081497768556,0.9079400710260355,1.2413908263875002,0.6863375927829571,1.162621574950379,1.4810701414780711,0.6406252893821677,0.6876565328949917,0.9376169396102367,0.7683123612093377,0.7404995735801351,0.9858784931774075,0.7683123612093377,0.7404995735801351,0.9858784931774075,0.6495702646565141,0.7324026326517258,0.9448184440036864,0.7818189248818179,0.6067519020004806,0.8012633161460909,0.6784387308378912,0.29938686770941947,0.41998185354174705,0,0.0,0.6,1.991771732665729,0.2,0.25610525861324474,0.6,0.4661924339905318
10045,20,10,False,2.7440199025514067,0.9370846341002713,0.5051399745265365,3.0063382192760035,2.4701755575036155,1.3619968273356946,0.6811920641481234,0.13808088347069214,0.49423983987172204,0.54,1.0,0.368075566384957,0.4978986759123211,1.0,0.3385054331494258,1.0,1.8646242380355043,0.3385054331494258,1.0,1.8646242380355043,0.3385054331494258,1.0,1.8646242380355043,0.3385054331494258,1.0,1.8646242380355043,0.3385054331494258,1.0,1.8646242380355043,0.38131019043271647,1.0229885681195816,1.7478084505382039,0.4978805018218,0.785064305456147,1.4810486183684328,0.4978805018218,0.785064305456147,1.4810486183684328,0.4820404205840032,0.7041164925161524,1.2163824294238126,0.4820404205840032,0.7041164925161524,1.2163824294238126,0.3931435309962704,0.8350902399036942,1.415102958165047,0.4397507244213183,0.7272292418796097,1.3829123881556034,0.4397507244213183,0.7272292418796097,1.3829123881556034,0.4820404205840032,0.7041164925161524,1.2163824294238126,0.3931435309962704,0.8350902399036942,1.415102958165047,0.45694975857921966,0.8325666759899801,1.4204120043560635,0.45694975857921966,0.8325666759899801,1.4204120043560635,0.5222874493407937,0.5151668672150465,0.9078294817792475,0.5524498270229719,0.6146506937897764,1.0566909926701382,0.45718974569530124,0.21986260560197834,0.3959928387169406,0.4,0.2861865263925773,0.6,2.668429184835113,0.6,0.7486962956159628,0,0.0
10046,20,10,False,1.4423094298154446,0.05852684496409355,0.597651774907038,1.526016171850002,1.0751617277601488,0.2534984970479587,0.9646285710389885,0.5241888880257832,0.5098391233314298,0.9,0.95,0.4687210918226933,0.5706750527436111,1.0,0.44751042732017265,0.9376930271745287,1.3358483964169987,0.44751042732017265,0.9376930271745287,1.3358483964169987,0.510655339234417,1.0,1.411606686847865,0.6145148420041447,0.9943313568841395,1.5743888944066065,0.510655339234417,1.0,1.411606686847865,0.3957872860813729,0.7886791400971297,1.468575439045594,0.5738093096053362,0.8151349139777798,1.2954625986826103,0.43963702878234995,0.8524470822659356,1.5742419151507678,0.43963702878234995,0.8524470822659356,1.5742419151507678,0.5124268743420394,0.7826222355320477,1.1795259075121074,0.5656202574023382,0.7862785156642671,1.2929598596889427,0.6153030650029583,0.7826431866438165,1.2407204715914621,0.5771645971315426,0.9282213662639893,1.440567734887844,0.5273847632398309,0.9788506704537261,1.4682588716865306,0.6668945247320126,0.9131820701634825,1.4618994253471937,0.6304642853235958,0.6404658050177936,0.9802428367708532,0.3988226837350949,0.748735840883576,1.1286826983561706,0.5782990479230817,0.49609102955881745,0.7491530966602542,0.5624016589459633,0.5787672534917185,0.9679615257493819,0.6168396783624192,0.3000502893007764,0.5144916630140333,0.6,0.32807637822563784,0.8,1.2754085645197175,0.2,0.7028241474684218,0.4,1.2381124257054963
10047,20,10,False,2.003480561224485,0.06377257067365771,0.13741677348391673,2.3661938082350478,2.443854952614041,0.3213884509062432,0.10271348908766488,0.25019285880173603,0.5524709168607618,0.955,1.0,0.5484953203518315,0.9056311443474225,1.0,0.5180650315859796,0.8247752337748314,1.0059051395915302,0.8043234300615022,1.0166899329303685,1.1433544011472694,0.7773061505025409,0.9835826694111892,1.1897471873936172,0.7249885753428188,1.0301502170675647,1.2285613832316216,0.6789617905738343,1.0,1.0935727111668985,0.7691624794340592,0.9785864923192038,1.0664515023374286,0.7699940929634151,0.9583095414167047,1.0408885753471773,0.7387921895362265,1.0160869094555784,1.1541398706596742,0.7387921895362265,1.0160869094555784,1.1541398706596742,0.806066407829208,0.9994700441022403,1.1142115391595466,0.8893699536752661,1.0838243493254254,1.239073680421923,0.8893699536752661,1.0838243493254254,1.239073680421923,0.8893699536752661,1.0838243493254254,1.239073680421923,0.9241113643857678,1.1102928601744102,1.2717493822905837,0.9241113643857678,1.1102928601744102,1.2717493822905837,0.9241113643857678,1.1102928601744102,1.2717493822905837,0.9241113643857678,1.1102928601744102,1.2717493822905837,0.9241113643857678,1.1102928601744102,1.2717493822905837,0.812020629680199,0.8653870057106733,0.9423973139245174,0.8496003445668717,0.3092804235326351,0.37399716313234005,0.2,0.06904427263591371,0.8,2.557175247233166,0.2,0.11670236151993663,0.2,0.3059475325766923
10048,20,10,False,1.777661322838915,0.01806946261816844,0.27010955806764475,14.306486358399901,2.3902793262673487,0.20319898367697414,0.300362464619172,0.08134002130170749,0.5788054513135167,0.91,1.0,0.678980826683721,0.7418141343093205,1.0,0.7743294751723456,1.0,1.3439547677987915,0.7743294751723456,1.0,1.3439547677987915,0.7743294751723456,1.0,1.3439547677987915,0.7743294751723456,1.0,1.3439547677987915,0.7743294751723456,1.0,1.3439547677987915,0.9390060045425869,1.0249702128240272,1.425332384891589,0.8444237950115212,0.9449352848584249,1.3068180549174482,0.8501194498712015,1.0237638735675318,1.395568701167855,0.8248737355576979,1.080016627563656,1.460553300682927,0.8248737355576979,1.055913473049501,1.42433910280202,0.95,1.071846978657399,1.4802107679573815,0.8904479997346906,0.8811607403503131,1.2304052005100166,0.8904479997346906,0.8811607403503131,1.2304052005100166,0.8199871746161338,0.9569080643769913,1.3039458258855403,0.95,1.0450067188422596,1.4432866972717486,0.9344109882719991,0.9767993140303741,1.3514289330778142,0.9,0.8841708970070423,1.216552466126375,0.9673488992634101,0.9698482517823571,1.3297099667485843,0.9280855819403179,0.909626060983667,1.2526992599374374,0.8735486591101214,0.4840760119911941,0.6721511847279786,0.4,0.01939182663307014,0.8,0.7222442346507172,0,0.0,0.8,0.4088835580447682
10049,20,10,False,1.625295399252435,0.6120580447013149,0.5090743451691758,4.041206484616331,1.4086005830570083,0.48203317522603495,0.2748506470840005,0.29882144344942324,0.629504963218645,0.755,1.0,0.643586561461651,0.8868205920764249,1.0,0.6971169115406698,0.9835177503693151,1.124160113861842,0.6971169115406698,0.9835177503693151,1.124160113861842,0.6971169115406698,0.9835177503693151,1.124160113861842,0.5409445636683567,0.9999999999999999,1.0622555072328212,0.5409445636683567,0.9999999999999999,1.0622555072328212,0.6450941175921296,0.8604355854184573,0.9477947041959307,0.656397414757144,1.0154960575671999,1.0995512369421905,0.7383140252962547,1.0425096162756775,1.2110339840235569,0.656397414757144,1.0154960575671999,1.0995512369421905,0.656397414757144,1.0154960575671999,1.0995512369421905,0.5727818301804781,0.8996979193392339,1.0455161111934264,0.5735499443577398,0.8779468862815598,0.9950151733878531,0.7209786201701485,1.0083248874215278,1.1031775403648005,0.7209786201701485,1.0083248874215278,1.1031775403648005,0.6947900562432389,0.888589805741342,0.9905976050501006,0.6471169115406699,0.9802675347763687,1.1207629362458746,0.6471169115406699,0.9802675347763687,1.1207629362458746,0.6769716458941285,0.904476544080637,1.0528639198594534,0.6566124385802394,0.841994138359017,0.9196794063888758,0.613604562766084,0.4901933558847517,0.5978861566425824,0.4,0.06732015080338688,0.8,2.1176429200826523,0.4,0.14625775625383614,0.2,0.0006310797350503035
10050,20,10,False,0.7222346914038343,0.41226544770816687,0.3193362860725225,10.617349862116308,1.5358470839164338,0.5539953887210172,0.3154425635497719,0.11944041891082108,0.5973830960414894,0.8,1.0,0.4187270583872128,0.7726586376655041,1.0,0.5822238727051642,0.6870638298099087,0.7992242036341848,0.5822238727051642,0.6870638298099087,0.7992242036341848,0.6667778862725945,1.0564161049424399,1.158045395438005,0.4978379982792394,0.7792614135021383,1.0136342254355277,0.5524155896128353,0.9999999999999999,1.0717132324798802,0.7540094263391808,0.8051692106135135,0.9251234288994843,0.5548455989118588,0.8051282204218715,1.0381542111352189,0.5388937044572337,0.6618472203855467,0.7763248428700528,0.5388937044572337,0.6618472203855467,0.7763248428700528,0.5388937044572337,0.6618472203855467,0.7763248428700528,0.8540094263391808,0.8556508752663111,0.9830005848634439,0.5695731478627108,0.8288524123617156,1.0587509033841294,0.5695731478627108,0.8288524123617156,1.0587509033841294,0.7603204092883682,0.7856145494653115,0.8926826268603678,0.6570556185147267,0.6903829871148431,0.8126617132645282,0.7819103316014716,0.776954304240554,0.8756366072977417,0.7819103316014716,0.776954304240554,0.8756366072977417,0.7588548743130832,0.7973956285203285,0.9160950139607417,0.8395077850403576,0.3753346477688803,0.441915621045035,0.8253194155382796,0.25046463400825647,0.29612095797601756,0.8,0.2194869089038616,0.6,6.374214727117167,0.4,0.34098504798598367,0.2,0.4273755315918158
10051,20,10,False,0.49848334418928186,0.3289591267647931,0.5620387376892121,6.481363879114898,0.37775700817826524,0.4100819408568291,0.6193426294808525,0.26285311766696134,0.6242896041502812,0.735,1.0,0.20408334747233786,1.0438079119095311,1.0,0.19740311465913316,1.287440545570539,1.1272461073348805,0.19740311465913316,1.287440545570539,1.1272461073348805,0.23525088146031517,1.0,0.9092043708800666,0.23525088146031517,1.0,0.9092043708800666,0.23525088146031517,1.0,0.9092043708800666,0.3189680811139997,1.1814637283241634,0.967324764964433,0.18964354255693913,1.2268274699205273,1.0858063833813139,0.18964354255693913,1.2268274699205273,1.0858063833813139,0.35790787406167157,1.089647023977486,0.9045075109205679,0.35790787406167157,1.089647023977486,0.9045075109205679,0.3848139846067631,1.0854779129584835,0.9045075109205679,0.2160493430495634,1.259644007937988,1.1135984411302184,0.27601709604909086,1.1482455516144234,1.0018985267784961,0.2158564695010215,1.0641291744784758,0.795960817640348,0.33097978679937745,0.9613347154236888,0.9355243515482238,0.37495642200064616,1.017412512633005,0.8701752562731481,0.4415844207254283,1.0785434660228361,0.8944891977932689,0.3848139846067631,1.0854779129584835,0.9045075109205679,0.5114527149043522,1.1077323312459748,0.8956835963297947,0.3614648669563804,0.3655871324910777,0.30285662215348463,0.4,0.0,0.6,0.5861082592197158,0.4,0.05948014617574746,0.4,0.020650543177121856
10052,20,10,False,1.5252208334054265,0.40848713860201213,0.3389787474450559,1.2951044724519238,1.9851858024738598,0.5873684708865762,0.3691598957499054,1.2518404288928682,0.8750262464756267,0.835,1.0,0.5007483516762319,2.03884708927698,1.0,0.3622281145000058,1.950171018286735,0.9683500075936252,0.32002066090672393,1.8884205507954108,0.8781292123004746,0.32002066090672393,1.8884205507954108,0.8781292123004746,0.65,1.0,0.8922616508894553,0.65,1.0,0.8922616508894553,0.5254714195150818,2.048686113221862,1.03703309080046,0.48648040527361064,1.0463429686357266,0.9826254987448912,0.669723055831341,2.0629483154889585,1.0807565479255472,0.3888346105183734,1.9375354589507738,0.9683500075936252,0.6454708666452316,0.9156031889809494,0.7094902081468311,0.5754714195150819,2.025954358662404,1.0146375744351865,0.6000321255831517,0.8478762485815289,0.6480337820413004,0.6938880784066117,2.034983270783073,1.0483228425600692,0.4811871881953549,1.9874729096592236,0.9919257977535737,0.8784542237426609,0.515331349569854,0.5289064727783874,0.7444602188904221,2.114739734048657,1.092380618219282,0.7444602188904221,2.114739734048657,1.092380618219282,0.673132484355347,1.9576043474523712,0.994418733930102,0.6986210835948553,1.9807960389683412,1.0031285137763575,0.8168264103482997,0.2816469856147092,0.3074008963040292,0.4,0.009453487411858861,0.4,4.2789502473138485,0.2,0.5816975498354108,0.2,0.1627772923232032
10053,20,10,False,1.064858886598498,0.871163154375514,0.02795109087390166,1.274202108481551,0.730114457275696,1.574517140305757,0.02823045424485335,0.45156716067809166,0.7919484021459549,0.6,1.0,0.18757950028903436,1.0189389148320545,1.0,0.16892309382640855,1.0,0.8418869187099574,0.16892309382640855,1.0,0.8418869187099574,0.16892309382640855,1.0,0.8418869187099574,0.16892309382640855,1.0,0.8418869187099574,0.16892309382640855,1.0,0.8418869187099574,0.18757950028903436,1.0189389148320545,1.0,0.1967498876123741,0.9114299506825869,0.787447555854804,0.1967498876123741,0.9114299506825869,0.787447555854804,0.1967498876123741,0.9114299506825869,0.787447555854804,0.1967498876123741,0.9114299506825869,0.787447555854804,0.18757950028903436,1.0189389148320545,1.0,0.20353012766591905,0.9165121715801346,0.7876358290106761,0.24616013797812972,1.1976889719575081,1.0405853958888094,0.24616013797812972,1.1976889719575081,1.0405853958888094,0.18757950028903436,1.0189389148320545,1.0,0.35566995365472537,1.0526015755756413,0.7272840299471544,0.36054269342342343,0.9078769107857121,0.6002107868696047,0.3848376908352312,0.8285081301774991,0.6867816192197015,0.3444455400619931,0.7237579039242024,0.6290279869452788,0.34267420264760745,0.12092619494450788,0.10145478636279422,0,0.0,0.4,0.6036344492782448,0.2,1.2658027021855018,0,0.0
10054,20,10,False,2.5563289682497503,0.06756848228863177,0.007353944493005881,43.31370419138715,3.56265121692513,0.23341089131021023,0.006219104709621037,0.010496367408801513,0.861802212461809,0.95,1.0,0.7835861618562318,1.0970733432917126,1.0,0.7712595511748321,0.9701677412872028,0.881682280658987,0.7712595511748321,0.9701677412872028,0.881682280658987,0.7867632076890401,1.0,0.9113846550639559,0.7867632076890401,1.0,0.9113846550639559,0.7867632076890401,1.0,0.9113846550639559,0.8281743101923094,0.9138970715677869,0.8328106504662739,0.7365826457621091,0.8992881703154709,0.8197913509421672,0.7365826457621091,0.8992881703154709,0.8197913509421672,0.7365826457621091,0.8992881703154709,0.8197913509421672,0.7365826457621091,0.8992881703154709,0.8197913509421672,0.8256830498308799,0.8900654878253057,0.8098371358434464,0.8411820129204265,0.9289518659122062,0.8461853426219111,0.8571833014915518,1.109523550064342,1.0099876714370135,0.8571833014915518,1.109523550064342,1.0099876714370135,0.872712513785455,0.866892614371217,0.7896516187054685,0.8746584715984562,0.9628906520662436,0.8768085967626952,0.8701706545651157,0.8218860235196637,0.7480046223491474,0.880402096104107,0.8388512175278577,0.7636545789731698,0.8746584715984562,0.9628906520662436,0.8768085967626952,0.8723342554725128,0.4489102947927219,0.40895353622067004,0.4,0.032255960864225504,0.6,0.5299615555375885,0,0.0,0,0.0
10055,20,10,False,0.554449965179868,0.18901329840008707,0.1423278563829539,1.519348464842305,0.5905303912903734,0.3269285767352744,0.1560011661998087,0.9020109520138289,0.6221034324050339,0.925,1.0,0.2678395597748677,0.9551574883135302,1.0,0.2549579602272301,0.8805301733431017,0.7914904512359301,0.40426784006460953,1.0,1.0382210971272838,0.40426784006460953,1.0,1.0382210971272838,0.40426784006460953,1.0,1.0382210971272838,0.40426784006460953,1.0,1.0382210971272838,0.42425832557463355,1.1954872707588282,1.0054187197566058,0.3911447329468031,1.112897504829374,0.9936100045595752,0.3975477736556917,1.1372137114465743,1.028529376666454,0.2981804924935044,1.1324770754881097,1.0391977003294788,0.38452512960482493,1.2508128345608207,1.1431070613396035,0.42425832557463355,1.1954872707588282,1.0054187197566058,0.4411449324243062,0.9694603786827419,0.974298191983869,0.49853805770874676,1.2146009032992695,1.2298126081576681,0.44285651398388926,1.255634793277652,1.1951904821627812,0.5939914621981185,1.0221394149979741,1.0113978236293724,0.5939914621981185,1.0221394149979741,1.0113978236293724,0.5385076782605466,1.1288350420555997,1.1034452810446596,0.5771315908920994,1.0197719185665244,0.943084253355417,0.5771315908920994,1.0197719185665244,0.943084253355417,0.5850124663191745,0.523081789592127,0.5460430947381427,0.6,0.7144397979766781,0.8,5.119668446104548,0.8,5.598197472633622,0.6,0.9855795737885203
10056,20,10,False,0.9458439740785772,0.24236238472656357,0.4720406790505754,1.5049613219221274,1.3167431696341934,0.4009905599912903,0.3135348090804289,1.0384765990163252,0.4473956495263059,0.725,1.0,0.48302972565849767,0.626791787083246,1.0,0.4321762023658574,0.989672823256921,0.9272339340933796,0.43104389468809134,0.7247421741123217,0.905733540621369,0.43104389468809134,0.7247421741123217,0.905733540621369,0.3529466053726737,0.8203936625880027,0.758450987855342,0.4609429437370178,1.0,0.9605745703772165,0.6221435977424163,0.5508438731926051,0.8704438387910888,0.3487166690177218,0.5422052123877217,0.8047549323191231,0.36157413257761106,0.7526230050797398,0.7085465142276415,0.40075168759574953,0.9874292097086813,0.8722931119668271,0.40075168759574953,0.9874292097086813,0.8722931119668271,0.6401273149204304,0.5181888581039801,0.8607715113953804,0.6447571606045023,0.9762470681974749,1.1164758168913858,0.5930471845519708,0.6423677537113046,0.9930383428551394,0.4115321934893174,0.8571191356900327,0.7499132321267828,0.5443179826279576,0.48462227420474024,0.6548974326204359,0.5884157045551315,0.7394384423971847,0.9279192396992053,0.5337933082798296,0.7778182820656623,0.8409986785406984,0.6195711726769392,0.47213308983019603,0.815038128310258,0.6438552595661968,0.516288728680202,0.7083059021253454,0.6382181198815017,0.5729795793291004,0.6943321064716461,0.4,0.15957969396814708,0.4,2.203475793802668,0.4,0.9899293450900005,0.6,1.928622351148638
10057,20,10,False,0.7349240293203014,0.3793921310394345,0.11244343483795473,2.2100734051673,1.3687652910244772,0.3938564558919039,0.12220005296624238,0.48642596320105386,0.8449256739417734,0.76,1.0,0.5739991308592401,1.1322743727079663,1.0,0.514567924163789,1.038421323898081,0.891210745585687,0.514567924163789,1.0140018234647743,0.8832802655884913,0.514567924163789,1.0140018234647743,0.8832802655884913,0.514567924163789,1.0140018234647743,0.8832802655884913,0.5350974971833806,1.0,0.7937265988969174,0.5275548025053385,0.9586712448226405,0.8639475938320801,0.5275548025053385,0.9910262702506432,0.8639475938320801,0.5275548025053385,0.9910262702506432,0.8639475938320801,0.5213699355180872,1.0256912692730786,0.8914465731317676,0.5811427758048171,1.1082040672028393,0.9268291058551901,0.5275548025053385,0.9586712448226405,0.8639475938320801,0.5275548025053385,0.9910262702506432,0.8639475938320801,0.5350974971833806,1.0,0.7937265988969174,0.5350974971833806,1.0,0.7937265988969174,0.6340534271887602,0.827503921287695,0.826190792425316,0.5350974971833806,1.0,0.7937265988969174,0.5350974971833806,1.0,0.7937265988969174,0.6333578067821973,0.7978921487453707,0.7722969806381763,0.5350974971833806,1.0,0.7937265988969174,0.6407321746732444,0.7092642283462373,0.6040384965913748,0.6,0.2732807550903677,0.2,0.7443986234712818,0.4,0.9618788356908791,0.2,1.0299814132593244
10058,20,10,False,0.5613438896823463,0.06136109359824715,0.374160109042269,6.621073111592399,1.170009532369581,0.32242021933401427,0.1873557943974303,0.09191062800762953,1.0574176315732782,0.95,1.0,0.676793825864725,1.0298043711257912,1.0,0.6338966531398084,1.095064765631123,1.091268066532492,0.6338966531398084,1.095064765631123,1.091268066532492,0.6338966531398084,1.095064765631123,1.091268066532492,0.3596077516250748,0.9999999999999999,1.006749383877479,0.3596077516250748,0.9999999999999999,1.006749383877479,0.6753406941848338,1.2340042683039605,1.2030564747536208,0.7955642566388371,0.9452677131852679,0.9443330547135327,0.7955642566388371,0.9452677131852679,0.9443330547135327,0.7955642566388371,0.9452677131852679,0.9443330547135327,0.7955642566388371,0.9452677131852679,0.9443330547135327,0.804533002614714,0.9172349883764976,0.9089510984258352,0.8303475624327258,0.788994480128175,0.773384504453695,0.7487971143210761,0.8044445165983717,0.8109673355524698,0.7223244282149992,1.104500824902767,1.076532180838729,0.6888228927220507,0.7233072587140955,0.7231661856953095,0.7762026847149238,1.0853641095617772,1.0428142216944316,0.8286060993716065,0.8499431527639217,0.8408540723209152,0.7058236909521424,0.7977016933601218,0.8087051923446563,0.7265002732009731,0.6534628228980635,0.6389177258115403,0.7472090544109024,0.3448634398677992,0.3472011286641057,0.2,0.45513808204668027,0.8,1.181551248320179,0.2,0.06109807568707254,0.6,0.6583306887185405
10059,20,10,False,0.5977282512193632,0.9788842972977475,0.27045371136676527,8.18696550489874,0.3061233933005326,0.930817249779354,0.22157952048213134,0.12981898214124762,0.5316446075969707,0.785,1.0,0.3061078149949348,0.9251861660520408,1.0,0.3368829753159896,1.0609634349545356,1.0034778697524187,0.3368829753159896,1.0609634349545356,1.0034778697524187,0.3368829753159896,1.0609634349545356,1.0034778697524187,0.23416747543101477,1.0,1.0049119954589036,0.23416747543101477,1.0,1.0049119954589036,0.4262670787362165,0.786149626259596,0.8145210479656576,0.3079586666557782,1.0314182294175887,1.0228557940551688,0.296915043495364,1.0510381340133543,1.0533417995602627,0.296915043495364,1.0510381340133543,1.0533417995602627,0.296915043495364,1.0510381340133543,1.0533417995602627,0.44807821261081066,1.0098050348173047,1.041697065474508,0.4378790915524785,1.0929664742864358,1.0836793602418662,0.4643594001690503,1.097184663515109,1.0903844422496647,0.41870906102980376,0.9175374583871977,0.9307306299766108,0.37478861070824043,0.8242145928978953,0.8533032784229989,0.4246965070067275,0.9211852112904553,0.9342747779359736,0.30477485048717023,1.103442641044432,1.0995668021413378,0.4309766717325917,0.7601294837960458,0.7823017064555523,0.41137419959015076,0.9722614924260204,0.980492330595064,0.4211175957284424,0.23117128154564237,0.22973960005852645,0.2,0.5563210692385828,0.4,1.8816468964755673,0.2,0.358144529343135,0.2,0.04286686050434744
