rule,n_apps,n_ops,seed,regime,objective,exact_objective,gap,seconds,exact_seconds,evaluated
min,3,2,0,small,0.2806004438330239,0.2806004438330239,0.0,0.006510509000008824,0.002908337000008032,44
min,3,2,1,small,0.40109966257897756,0.40109966257897756,0.0,0.004911744999844814,0.0021975839999868185,33
min,3,2,2,small,0.43725590919885093,0.43725590919885093,0.0,0.003907580000031885,0.0023152869998739334,24
min,3,2,3,small,0.5261123665663812,0.5261123665663812,0.0,0.007205170000133876,0.0020739020001201425,31
min,3,2,4,small,0.4469812371393792,0.4469812371393792,0.0,0.006238766000024043,0.0023052129999996396,30
min,3,2,5,small,0.7652812847214642,0.7652812847214642,0.0,0.004051797000101942,0.0029862399999274203,26
min,3,2,6,small,0.30729180477348783,0.30729180477348783,0.0,0.005749143000002732,0.001973292999991827,60
min,3,2,7,small,0.23479303891780898,0.23479303891780898,0.0,0.0036695189999136346,0.001703103999943778,30
min,3,2,8,small,0.29557401057177485,0.29557401057177485,0.0,0.0027690179999808606,0.0015187149999746907,32
min,3,2,9,small,0.3342088941559161,0.3342088941559161,0.0,0.0036017739998897014,0.0016480940000747069,34
min,3,3,0,small,0.42768851714021483,0.42768851714021483,0.0,0.009707436000098824,0.024164403999975548,120
min,3,3,1,small,0.48899098082169784,0.48899098082169784,0.0,0.007784431000118275,0.021609176000083608,120
min,3,3,2,small,0.4115521442903892,0.4115521442903892,0.0,0.008025161999967168,0.020537991999844962,94
min,3,3,3,small,0.5906668241856055,0.5906668241856055,0.0,0.007929103000151372,0.020659226000134367,91
min,3,3,4,small,0.5830800048480476,0.5830800048480476,0.0,0.008180338000101983,0.022335705000159578,88
min,3,3,5,small,0.6979982715015873,0.6979982715015873,0.0,0.009150566000016624,0.025287661999982447,120
min,3,3,6,small,0.333971545294742,0.333971545294742,0.0,0.009282723000069382,0.02660774500009211,101
min,3,3,7,small,0.6631136214285118,0.6631136214285118,0.0,0.008793412999921202,0.027740490999804024,98
min,3,3,8,small,0.27196891085671226,0.27196891085671226,0.0,0.00295055899982799,0.016871112999979232,50
min,3,3,9,small,0.4171132236632923,0.4171132236632923,0.0,0.006490817999974752,0.0180812920000335,82
min,4,3,0,small,0.14468006074071843,0.14468006074071843,0.0,0.00708162900014031,0.07585817300014241,109
min,4,3,1,small,0.5985936449036287,0.5985936449036287,0.0,0.013703179999993154,0.10489060600002631,179
min,4,3,2,small,0.36153759495532883,0.36153759495532883,0.0,0.006447112999921956,0.07643629799986229,106
min,4,3,3,small,0.08645754246405807,0.08645754246405807,0.0,0.004321252999943681,0.06821300199999314,81
min,4,3,4,small,0.10758353190945869,0.10758353190945869,0.0,0.0057792319998952735,0.07384675399998741,103
min,4,3,5,small,0.5807740507221388,0.5807740507221388,0.0,0.01186844599988035,0.10228413300001193,186
min,4,3,6,small,0.18587982167104028,0.18587982167104028,0.0,0.006597844999987501,0.08072311600017201,111
min,4,3,7,small,0.5930861355413646,0.5930861355413646,0.0,0.011362384999983988,0.10476208700015377,160
min,4,3,8,small,0.4227455413413309,0.4227455413413309,0.0,0.006476290999898993,0.07435655799986307,113
min,4,3,9,small,0.6147413836596423,0.6147413836596423,0.0,0.011571829999866168,0.08807866899996952,139
min,10,5,0,large,0.4247233483312065,,,0.02466645800018341,,421
min,10,5,1,large,0.46013442005289074,,,0.0319235160000062,,426
min,10,5,2,large,0.4250189380282352,,,0.02697835000003579,,427
min,10,5,3,large,0.3108089820895167,,,0.024424024999916583,,393
min,10,5,4,large,0.1405538158979907,,,0.011050669000042035,,252
min,10,5,5,large,0.34166369512531847,,,0.025632116999986465,,404
min,10,5,6,large,0.2368329473038586,,,0.025499652999997124,,386
min,10,5,7,large,0.46183383430591873,,,0.043502816000000166,,541
min,10,5,8,large,0.2952675312867906,,,0.03466548500000499,,516
min,10,5,9,large,0.18535286535906245,,,0.022289240999953108,,397
min,20,10,0,large,0.36424853694525605,,,0.07683636299998398,,737
min,20,10,1,large,0.30012260124869106,,,0.07591486299997996,,746
min,20,10,2,large,0.27379106791629026,,,0.07307835500000692,,723
min,20,10,3,large,0.18468001515732227,,,0.05815801599987935,,566
min,20,10,4,large,0.2858397993701469,,,0.05695479599989994,,579
min,20,10,5,large,0.36067488779274226,,,0.08744139899999936,,839
min,20,10,6,large,0.2582245293619661,,,0.1175040910000007,,996
min,20,10,7,large,0.29799095194833375,,,0.032714266000084535,,390
min,20,10,8,large,0.33667885202177783,,,0.034676975999900606,,384
min,20,10,9,large,0.2927245867736782,,,0.06376513400005024,,648
min,50,25,0,large,0.22043544117069155,,,0.3113210070000605,,1312
min,50,25,1,large,0.18639697459665724,,,0.19861886099988624,,988
min,50,25,2,large,0.22375883802114394,,,0.29435000800003763,,1324
min,50,25,3,large,0.27987877299871794,,,0.21390500699999393,,938
min,50,25,4,large,0.22363190912070682,,,0.1694003380000595,,768
min,50,25,5,large,0.2612160320797109,,,0.3663415600001372,,1819
min,50,25,6,large,0.2706747515229988,,,0.26270576599995366,,1111
min,50,25,7,large,0.2596755160797277,,,0.2056581429999369,,956
min,50,25,8,large,0.2603004073816535,,,0.24265626799979145,,1112
min,50,25,9,large,0.24979467464372035,,,0.19772177600020768,,932
min,100,50,0,large,0.18133800902297662,,,0.7768253400001868,,1410
min,100,50,1,large,0.23616502668924383,,,0.7953554149999036,,1533
min,100,50,2,large,0.23705679806433133,,,1.028139284999952,,1988
min,100,50,3,large,0.15340479168949173,,,0.954377630999943,,1708
min,100,50,4,large,0.2225368415052948,,,0.9780333029998474,,1814
min,100,50,5,large,0.2739093976222164,,,1.027448159999949,,2033
min,100,50,6,large,0.24874411727680312,,,1.1761413440001434,,2248
min,100,50,7,large,0.2585761870017077,,,0.8930563869998878,,1779
min,100,50,8,large,0.175928390484777,,,0.7927070089999688,,1549
min,100,50,9,large,0.19528648452175118,,,0.6323978139998871,,1299
min,200,100,0,large,0.15980918814869097,,,3.2773433100001057,,2167
min,200,100,1,large,0.1513102905520357,,,2.8838503780000337,,1858
min,200,100,2,large,0.20324268312716892,,,3.239048482000044,,1905
min,200,100,3,large,0.194979450896312,,,2.9410339219998605,,2056
min,200,100,4,large,0.1778725808833312,,,3.469859135999968,,2515
min,200,100,5,large,0.16351264914163235,,,2.6049431540000114,,1598
min,200,100,6,large,0.20580177109819717,,,4.299223582999957,,3062
min,200,100,7,large,0.20121298628910758,,,2.9370164990000376,,1984
min,200,100,8,large,0.24713122837901833,,,4.464527882000084,,3308
min,200,100,9,large,0.18600595677961484,,,4.267296241999929,,3001
sum,3,2,0,small,0.34948787318424107,0.34948787318424107,0.0,0.0027375649999612506,0.0024903199998789205,22
sum,3,2,1,small,0.4422244349266059,0.4422244349266059,0.0,0.0032029679998686333,0.002204980999977124,19
sum,3,2,2,small,0.43725590919885093,0.43725590919885093,0.0,0.003518632999885085,0.00203114100008861,24
sum,3,2,3,small,0.543684342298818,0.543684342298818,0.0,0.0033215180001207045,0.0021482219999597874,22
sum,3,2,4,small,0.4469812371393792,0.4469812371393792,0.0,0.0038188739999895915,0.002064946000018608,29
sum,3,2,5,small,0.7652812847214642,0.7652812847214642,0.0,0.004242258999965998,0.0027000380000572477,26
sum,3,2,6,small,0.4038639182123631,0.4367580462449535,0.07531430345794221,0.0029983160000028874,0.002247330000045622,20
sum,3,2,7,small,0.23479303891780898,0.23479303891780898,0.0,0.0036983649999910995,0.0018145010001262563,30
sum,3,2,8,small,0.29557401057177485,0.29557401057177485,0.0,0.003023363000011159,0.0016066430000591936,32
sum,3,2,9,small,0.3352336624803329,0.3352336624803329,0.0,0.002622290999852339,0.0017884429998957785,23
sum,3,3,0,small,0.6025246644571376,0.6025246644571376,0.0,0.006624927000075331,0.02753396299999622,69
sum,3,3,1,small,0.4880809271991618,0.48899098082169784,0.0018610846789174351,0.004295346999924732,0.025600335000035557,42
sum,3,3,2,small,0.4115521442903892,0.4115521442903892,0.0,0.011108864999869184,0.02703012699998908,94
sum,3,3,3,small,0.6045857446732619,0.6045857446732619,0.0,0.007065375999900425,0.025484207000090464,59
sum,3,3,4,small,0.5887127155128201,0.5887127155128201,0.0,0.009033672999976261,0.0264920870001788,76
sum,3,3,5,small,0.6979982715015873,0.6979982715015873,0.0,0.010940037999944252,0.027709514999969542,120
sum,3,3,6,small,0.5809675791350983,0.5809675791350983,0.0,0.009113940999895931,0.030313620000015362,86
sum,3,3,7,small,0.6631136214285118,0.6631136214285118,0.0,0.010423552000020209,0.026661523000029774,98
sum,3,3,8,small,0.27196891085671226,0.27196891085671226,0.0,0.0036189990000821126,0.02058892099989862,50
sum,3,3,9,small,0.555047687874954,0.555047687874954,0.0,0.00564181700019617,0.022255435000033685,68
sum,4,3,0,small,0.15432367367647953,0.15432367367647953,0.0,0.004595102999928713,0.08924486599994452,66
sum,4,3,1,small,0.681646147088441,0.681646147088441,0.0,0.006782740000062404,0.10791666699992675,88
sum,4,3,2,small,0.36153759495532883,0.36153759495532883,0.0,0.003774286999941978,0.0764703960001043,68
sum,4,3,3,small,0.2700926221744088,0.2700926221744088,0.0,0.0023579459998472885,0.06470278999995571,34
sum,4,3,4,small,0.3229048148778063,0.3229048148778063,0.0,0.006681381999896985,0.07328128199992534,110
sum,4,3,5,small,0.5981689442125402,0.6004795657529844,0.0038479603174286225,0.006702533000179756,0.0903152930000033,101
sum,4,3,6,small,0.40269667735933856,0.40269667735933856,0.0,0.00455148600008215,0.06994002800001908,88
sum,4,3,7,small,0.5930861355413646,0.5930861355413646,0.0,0.008982295000123486,0.09667490800006817,133
sum,4,3,8,small,0.4227455413413309,0.4227455413413309,0.0,0.005600307999884535,0.07072103800010154,113
sum,4,3,9,small,0.6147413836596423,0.6147413836596423,0.0,0.010908640000025116,0.0986929919999966,142
sum,10,5,0,large,0.5133882861567983,,,0.012548421000019516,,244
sum,10,5,1,large,0.49580110803174304,,,0.021005272999900626,,352
sum,10,5,2,large,0.49191589646739997,,,0.02171701900010703,,357
sum,10,5,3,large,0.35087446584408943,,,0.015686778999906892,,278
sum,10,5,4,large,0.3281340314402846,,,0.009766628000079436,,244
sum,10,5,5,large,0.34411177364050394,,,0.020709531000193238,,351
sum,10,5,6,large,0.37456733266077535,,,0.019523217999903864,,350
sum,10,5,7,large,0.5600517523853599,,,0.025893473999985872,,380
sum,10,5,8,large,0.3990866228646601,,,0.01656609499991646,,299
sum,10,5,9,large,0.3640136981483589,,,0.01231970399999227,,219
sum,20,10,0,large,0.4099708466359801,,,0.055209128999877066,,599
sum,20,10,1,large,0.37831174817042795,,,0.034194304000038755,,397
sum,20,10,2,large,0.45126571454461584,,,0.04649019700013923,,561
sum,20,10,3,large,0.26977122964079414,,,0.03425255699994523,,351
sum,20,10,4,large,0.40118990222437234,,,0.03829921800002012,,454
sum,20,10,5,large,0.5245704069576341,,,0.05466715100010333,,594
sum,20,10,6,large,0.37591025112982,,,0.05167403199993714,,558
sum,20,10,7,large,0.39179756622349826,,,0.03121969799985891,,338
sum,20,10,8,large,0.35463158582052295,,,0.02893834200017409,,330
sum,20,10,9,large,0.37074003713635983,,,0.0638970799998333,,588
sum,50,25,0,large,0.35172867946373565,,,0.27443737999988116,,1326
sum,50,25,1,large,0.3358821461892239,,,0.1653580280001279,,787
sum,50,25,2,large,0.34780801086738755,,,0.15135348499984502,,783
sum,50,25,3,large,0.34248027175688966,,,0.1727478959999189,,846
sum,50,25,4,large,0.3569257104639888,,,0.13195794099988234,,594
sum,50,25,5,large,0.35754624661777606,,,0.19548119599994607,,1005
sum,50,25,6,large,0.33824447625085013,,,0.17214044899992587,,849
sum,50,25,7,large,0.38090067122858035,,,0.16468067300002076,,868
sum,50,25,8,large,0.3365178350765011,,,0.15409965599997122,,741
sum,50,25,9,large,0.3025320343659479,,,0.14600353800005905,,708
sum,100,50,0,large,0.2933005317116221,,,0.5099578950000705,,829
sum,100,50,1,large,0.31892924125915845,,,0.6797514810000393,,1171
sum,100,50,2,large,0.34461719838965366,,,0.5509411940001883,,1005
sum,100,50,3,large,0.23603707347497854,,,0.6555662409998604,,1310
sum,100,50,4,large,0.3267098203933783,,,0.38710702299999866,,528
sum,100,50,5,large,0.302888512323333,,,0.6052115219999905,,958
sum,100,50,6,large,0.35308017758045845,,,0.9441830129999289,,1665
sum,100,50,7,large,0.35994753003941454,,,0.5633411599999363,,935
sum,100,50,8,large,0.27468835911036094,,,0.3694751059999817,,581
sum,100,50,9,large,0.3133627785052411,,,0.5951121929999772,,1113
sum,200,100,0,large,0.2464874582962378,,,1.854587568999932,,882
sum,200,100,1,large,0.26176802538982913,,,2.2667175029998816,,1401
sum,200,100,2,large,0.26350581872834306,,,2.398719382000081,,1271
sum,200,100,3,large,0.27576409680557573,,,2.4706806869999127,,1620
sum,200,100,4,large,0.26427244728775556,,,2.3707717199999934,,1272
sum,200,100,5,large,0.27068325976082336,,,1.9714166620001379,,880
sum,200,100,6,large,0.2756381959966543,,,2.41420012399999,,1296
sum,200,100,7,large,0.3141195881816725,,,2.078841094999916,,1231
sum,200,100,8,large,0.2800002022901049,,,2.5283557170000677,,1443
sum,200,100,9,large,0.2643177869834361,,,3.161800523000011,,1963
overhead,3,2,0,small,0.2806004438330239,0.2806004438330239,0.0,0.003289876999815533,0.0018003459999818006,33
overhead,3,2,1,small,0.40109966257897756,0.40109966257897756,0.0,0.003877514000123483,0.001610716999948636,33
overhead,3,2,2,small,0.43725590919885093,0.43725590919885093,0.0,0.003181614999903104,0.0016902580000532907,24
overhead,3,2,3,small,0.543684342298818,0.543684342298818,0.0,0.002904813999975886,0.0020339319999038707,22
overhead,3,2,4,small,0.4469812371393792,0.4469812371393792,0.0,0.0048763590000362456,0.0018624750000526547,30
overhead,3,2,5,small,0.7652812847214642,0.7652812847214642,0.0,0.0037222389998987637,0.002451455000027636,26
overhead,3,2,6,small,0.30729180477348783,0.30729180477348783,0.0,0.007493162999935521,0.0023075220001373964,60
overhead,3,2,7,small,0.23479303891780898,0.23479303891780898,0.0,0.004614320999962729,0.002317204000064521,30
overhead,3,2,8,small,0.29557401057177485,0.29557401057177485,0.0,0.0032775869999568386,0.0018936320000193518,32
overhead,3,2,9,small,0.3342088941559161,0.3342088941559161,0.0,0.00354189899985613,0.0019059250000736938,34
overhead,3,3,0,small,0.5694436173500632,0.5694436173500632,0.0,0.005551347999926293,0.024787134000007427,64
overhead,3,3,1,small,0.48899098082169784,0.48899098082169784,0.0,0.005911209000032613,0.019617141000026095,83
overhead,3,3,2,small,0.4115521442903892,0.4115521442903892,0.0,0.007958263000091392,0.021392778000063117,94
overhead,3,3,3,small,0.6045857446732619,0.6045857446732619,0.0,0.005008809000173642,0.018911597000169422,59
overhead,3,3,4,small,0.5887127155128201,0.5887127155128201,0.0,0.005790742000044702,0.01900382200005879,75
overhead,3,3,5,small,0.6979982715015873,0.6979982715015873,0.0,0.007750373000135369,0.019218481000052634,120
overhead,3,3,6,small,0.4466908186494058,0.4466908186494058,0.0,0.008977377999826786,0.023127138000063496,116
overhead,3,3,7,small,0.6631136214285118,0.6631136214285118,0.0,0.007763377999935983,0.020647077999910834,98
overhead,3,3,8,small,0.27196891085671226,0.27196891085671226,0.0,0.0030809080001290567,0.015546771000117587,50
overhead,3,3,9,small,0.45456204763960706,0.45456204763960706,0.0,0.003221573000018907,0.017308655999840994,49
overhead,4,3,0,small,0.14906210730518515,0.14906210730518515,0.0,0.0025831059999745776,0.06402534000017113,37
overhead,4,3,1,small,0.5985936449036287,0.5985936449036287,0.0,0.014217979000022751,0.09034864699992795,174
overhead,4,3,2,small,0.36153759495532883,0.36153759495532883,0.0,0.004673331000049075,0.08277513000007275,68
overhead,4,3,3,small,0.10448608910150847,0.10448608910150847,0.0,0.002870017000077496,0.08275999700003922,34
overhead,4,3,4,small,0.2248732403073014,0.2248732403073014,0.0,0.00502310399997441,0.07287293900003533,79
overhead,4,3,5,small,0.5922578219195697,0.5922578219195697,0.0,0.0108595700000933,0.1052639409999756,127
overhead,4,3,6,small,0.2536408336416587,0.2536408336416587,0.0,0.007718469999872468,0.08631582800012438,123
overhead,4,3,7,small,0.5930861355413646,0.5930861355413646,0.0,0.012464498000099411,0.1260255380000217,150
overhead,4,3,8,small,0.4227455413413309,0.4227455413413309,0.0,0.006604315000004135,0.07790628700013258,113
overhead,4,3,9,small,0.6147413836596423,0.6147413836596423,0.0,0.010613314000011087,0.08998611599986361,142
overhead,10,5,0,large,0.4318453571448254,,,0.023425836999876992,,413
overhead,10,5,1,large,0.4719830566094839,,,0.02489469200008898,,366
overhead,10,5,2,large,0.39534438567761615,,,0.027529356999821175,,355
overhead,10,5,3,large,0.3116847139382919,,,0.03495285799999692,,502
overhead,10,5,4,large,0.24250469050978046,,,0.01171011999986149,,216
overhead,10,5,5,large,0.3067320276703864,,,0.029168319000064002,,422
overhead,10,5,6,large,0.271685136434441,,,0.02741694299993469,,485
overhead,10,5,7,large,0.5517098592724011,,,0.04567370800009485,,559
overhead,10,5,8,large,0.40215568228256243,,,0.020793431000129203,,315
overhead,10,5,9,large,0.2585237579364368,,,0.02215965599998526,,404
overhead,20,10,0,large,0.3942237112474104,,,0.065566495999974,,690
overhead,20,10,1,large,0.3450112783347814,,,0.06032820199993694,,659
overhead,20,10,2,large,0.35598538034053095,,,0.06475238599978184,,666
overhead,20,10,3,large,0.2807916545106119,,,0.07136657899991405,,710
overhead,20,10,4,large,0.3383361233711897,,,0.05359160200009683,,597
overhead,20,10,5,large,0.40183677842899945,,,0.0683296170000176,,711
overhead,20,10,6,large,0.32050916763136483,,,0.10324014499997247,,929
overhead,20,10,7,large,0.32181418270865875,,,0.035585508999929516,,357
overhead,20,10,8,large,0.32980233697613315,,,0.04705588399997396,,415
overhead,20,10,9,large,0.2964885900015152,,,0.0929970360000425,,821
overhead,50,25,0,large,0.2566333205220143,,,0.29635577600015495,,1197
overhead,50,25,1,large,0.32628932509287745,,,0.2750945810000758,,1151
overhead,50,25,2,large,0.27453129530998405,,,0.24320138999996743,,917
overhead,50,25,3,large,0.2822146110038542,,,0.2556023219999588,,960
overhead,50,25,4,large,0.28657854400593924,,,0.18114457900014713,,725
overhead,50,25,5,large,0.29017056672394237,,,0.1954029379999156,,912
overhead,50,25,6,large,0.269470486815998,,,0.21338485299997956,,1011
overhead,50,25,7,large,0.31059434924294527,,,0.16365960100006305,,761
overhead,50,25,8,large,0.30149895814589545,,,0.13957607499992264,,607
overhead,50,25,9,large,0.28381502084093835,,,0.21393710399979682,,916
overhead,100,50,0,large,0.2404335180096821,,,0.8490822480000588,,1691
overhead,100,50,1,large,0.2426012903372895,,,0.41706190200011406,,706
overhead,100,50,2,large,0.27402266263871206,,,0.7709135560000959,,1417
overhead,100,50,3,large,0.2015275757113184,,,0.8950384940001186,,1711
overhead,100,50,4,large,0.26501203473457036,,,0.7947098020001704,,1384
overhead,100,50,5,large,0.2842872646005633,,,0.8516206360000069,,1425
overhead,100,50,6,large,0.2872433277547555,,,0.9597726029999194,,1610
overhead,100,50,7,large,0.3057239640667219,,,0.7247854290001214,,1359
overhead,100,50,8,large,0.21499215938278327,,,0.6139283499999237,,1025
overhead,100,50,9,large,0.26150083236803007,,,0.659299400000009,,1123
overhead,200,100,0,large,0.2335807197901255,,,2.3778220970000348,,1391
overhead,200,100,1,large,0.2247035281165967,,,3.3037484829999357,,2138
overhead,200,100,2,large,0.22602308547097757,,,2.7159956079999574,,1547
overhead,200,100,3,large,0.2239801223559359,,,2.9999934150000627,,2114
overhead,200,100,4,large,0.21694341980690435,,,2.730934719000061,,1777
overhead,200,100,5,large,0.2201186735029162,,,2.788390212999957,,1425
overhead,200,100,6,large,0.21371720812443018,,,2.7283727940000517,,1708
overhead,200,100,7,large,0.22293540649338417,,,2.3169167480000397,,1232
overhead,200,100,8,large,0.2390126362756318,,,3.1300358290000077,,2009
overhead,200,100,9,large,0.23998029300517656,,,4.5093907850000505,,3010
