seed,rule,objective,n_chains,mean_ops_per_chain,served_fraction
0,min,0.36424853694525605,5,1.6,0.8803514794813877
0,sum,0.4099708466359801,7,1.4285714285714286,0.812106172396658
0,overhead,0.3942237112474104,7,1.4285714285714286,0.9028367693067627
1,min,0.30012260124869106,6,1.6666666666666667,0.5406760870404357
1,sum,0.37831174817042795,5,2,0.8233665121986949
1,overhead,0.3450112783347814,6,1.6666666666666667,0.6970426945332727
2,min,0.27379106791629026,5,1.4,0.464453979916916
2,sum,0.45126571454461584,6,1.6666666666666667,0.9093079409523479
2,overhead,0.35598538034053095,7,1.4285714285714286,0.5924989708110202
3,min,0.18468001515732227,5,1.8,0.16419650066222563
3,sum,0.26977122964079414,6,1.6666666666666667,0.32771249396046837
3,overhead,0.2807916545106119,7,1.4285714285714286,0.27403312042798394
4,min,0.2858397993701469,7,1.4285714285714286,0.5821330865097182
4,sum,0.40118990222437234,5,2,0.8388708543806491
4,overhead,0.3383361233711897,5,1.8,0.588645650735363
5,min,0.36067488779274226,7,1.4285714285714286,0.5891181478988525
5,sum,0.5245704069576341,5,2,1.0
5,overhead,0.40183677842899945,6,1.6666666666666667,0.6926014775650534
6,min,0.2582245293619661,6,1.5,0.39252368763204604
6,sum,0.37591025112982,5,2,0.7115304660194982
6,overhead,0.32050916763136483,8,1.25,0.5184463253972802
7,min,0.29799095194833375,7,1.4285714285714286,0.5632109236261054
7,sum,0.39179756622349826,4,2,0.7891944067824511
7,overhead,0.32181418270865875,4,2,0.6180759717768902
8,min,0.33667885202177783,7,1.4285714285714286,0.7803326227540176
8,sum,0.35463158582052295,6,1.6666666666666667,0.7392510109256211
8,overhead,0.32980233697613315,6,1.5,0.7721273960184736
9,min,0.2927245867736782,8,1.25,0.5386734331012274
9,sum,0.37074003713635983,6,1.6666666666666667,0.8938812757376702
9,overhead,0.2964885900015152,7,1.4285714285714286,0.5313533084086111
10,min,0.28248503966600785,7,1.4285714285714286,0.582553599552
10,sum,0.389950666884329,4,2.5,0.815489085597849
10,overhead,0.3294760225018075,5,2,0.7003297660955533
11,min,0.3462881101757155,7,1.4285714285714286,0.6569973672485276
11,sum,0.3936927421341833,7,1.4285714285714286,0.7683929872665878
11,overhead,0.326510337529342,6,1.5,0.5858627189217026
12,min,0.2032780642965534,6,1.5,0.3783856048828366
12,sum,0.29373749967492957,6,1.6666666666666667,0.6319828174403262
12,overhead,0.25997049984990117,7,1.4285714285714286,0.42128623335049437
13,min,0.32976703260807383,8,1.25,0.6123837366087892
13,sum,0.4253537737296469,6,1.6666666666666667,0.8947681522960328
13,overhead,0.3361306618639597,7,1.4285714285714286,0.6389327155503155
14,min,0.2482636745676748,7,1.2857142857142858,0.31833351216668887
14,sum,0.36240845779958225,5,2,0.5790217338678734
14,overhead,0.25870270525812356,7,1.4285714285714286,0.32824491818235485
15,min,0.33856406867196687,7,1.2857142857142858,0.6418597367794231
15,sum,0.4002911440954703,5,2,0.9008562825205396
15,overhead,0.35821302484806994,7,1.4285714285714286,0.6796111239334414
16,min,0.2657065225986664,7,1,0.4983567204138144
16,sum,0.41358411094431136,5,2,0.8908026697357576
16,overhead,0.33074583150552106,7,1.4285714285714286,0.6303611368268756
17,min,0.3025711857330692,6,1.5,0.5989135705316857
17,sum,0.36192188621135857,5,1.6,0.7507573668382378
17,overhead,0.2880977491113239,7,1.2857142857142858,0.5299290227501678
18,min,0.17124951711169703,6,1.5,0.1903563666350533
18,sum,0.282877216670418,5,2,0.45948452593968614
18,overhead,0.21257991165396095,7,1.4285714285714286,0.2833688746995052
19,min,0.3237157963601048,6,1.6666666666666667,0.659326212036176
19,sum,0.3726807463578741,4,1.75,0.7997535312559727
19,overhead,0.3590472040805246,6,1.6666666666666667,0.7324368847537803
20,min,0.3082168623295346,7,1.2857142857142858,0.6348852206315617
20,sum,0.36557585496754613,6,1.6666666666666667,0.8203563371969638
20,overhead,0.3326595086934453,7,1.2857142857142858,0.7472439564166761
21,min,0.2608601209676542,7,1.4285714285714286,0.39316943543499666
21,sum,0.33868773541393593,5,2,0.6159276552198076
21,overhead,0.2845562412614174,7,1.4285714285714286,0.4255925012257384
22,min,0.1863691037164184,6,1.5,0.3358560935251149
22,sum,0.30046686846513326,4,2.25,0.6161260605898601
22,overhead,0.24116537498870969,5,1.8,0.44824200488545574
23,min,0.2914600193420994,6,1.6666666666666667,0.6306090993336678
23,sum,0.374814305529777,5,2,0.8585514562200542
23,overhead,0.36692936798720593,6,1.5,0.8631492895279137
24,min,0.30525918101909283,6,1.6666666666666667,0.5168641099452398
24,sum,0.40598976974471346,5,2,0.8004453852394384
24,overhead,0.3247690647164378,6,1.6666666666666667,0.5297171171789266
25,min,0.17547317668619006,5,1.8,0.2644565669553493
25,sum,0.2892725964903321,4,2.25,0.4351148779313174
25,overhead,0.2467567884262704,6,1.5,0.34166230643769907
26,min,0.26339731703787045,6,1.6666666666666667,0.5208079030056922
26,sum,0.3999431233486045,5,1.8,0.9154512064065001
26,overhead,0.3632736049876417,7,1.2857142857142858,0.8051789392083637
27,min,0.4089921728881495,7,1.4285714285714286,0.775321970108722
27,sum,0.368424708285068,5,2,0.77581532627553
27,overhead,0.2913771923833552,6,1.5,0.4784829698293593
28,min,0.25433331009764715,7,1.4285714285714286,0.39871146129377044
28,sum,0.36096392256144083,5,2,0.7211982377560111
28,overhead,0.2940951848596736,6,1.6666666666666667,0.47818347331615235
29,min,0.35880409774446337,6,1.6666666666666667,0.8516166732042779
29,sum,0.39944074548034103,6,1.5,0.8801651952549217
29,overhead,0.3705230198697752,6,1.6666666666666667,0.7727453599668488
30,min,0.2004349025566888,6,1.6666666666666667,0.33710509747664635
30,sum,0.28934636325452573,4,2.5,0.548145798595166
30,overhead,0.24836696948420556,7,1.4285714285714286,0.37262148341350065
31,min,0.3263405285866201,6,1.5,0.6561798367142305
31,sum,0.37479784629831026,5,2,0.8191684895412598
31,overhead,0.3813416845868637,6,1.5,0.8214517652464582
32,min,0.2236619089428287,7,1.4285714285714286,0.3240683608049298
32,sum,0.3175314587724203,5,2,0.6555035762164897
32,overhead,0.23215470450365763,5,2,0.40362828341543644
33,min,0.4144508060028955,7,1.1428571428571428,0.8206656422732501
33,sum,0.3988175858546641,7,1.4285714285714286,0.9082457562058388
33,overhead,0.3552686705156963,7,1.4285714285714286,0.7243127113749047
34,min,0.284810203165694,7,1.4285714285714286,0.4851124897812248
34,sum,0.3517512679781662,6,1.6666666666666667,0.6427901113418577
34,overhead,0.34279426104651595,7,1.4285714285714286,0.519968015765027
35,min,0.31593848081380527,8,1.25,0.5591367125321421
35,sum,0.4645751993323073,6,1.6666666666666667,0.9373000033588594
35,overhead,0.3764894907614367,7,1.4285714285714286,0.6899948959982354
36,min,0.48260870191524197,8,1.25,0.9705773332418954
36,sum,0.4521277345602939,6,1.6666666666666667,0.9295490837659962
36,overhead,0.44981755697273446,8,1.25,0.9022791505609888
37,min,0.33004177051630995,5,1.6,0.7327659606729117
37,sum,0.3950872490506125,4,2.25,0.9346125033021273
37,overhead,0.34944799690227146,5,2,0.7666094909810922
38,min,0.27188729051086746,6,1.5,0.46355199467545727
38,sum,0.33831161989213326,5,1.8,0.623181584677309
38,overhead,0.26883694645505585,5,1.6,0.43057854997725786
39,min,0.26566718373280085,8,1.25,0.3933191538114179
39,sum,0.33854399024180315,5,2,0.5006765120715428
39,overhead,0.26153387618432444,6,1.5,0.35544119317383915
40,min,0.24581284662035577,6,1.6666666666666667,0.48678002312159907
40,sum,0.43175268379421133,5,2,0.9113956183441956
40,overhead,0.3428996196301366,6,1.6666666666666667,0.6430390720088294
41,min,0.3321534477887641,7,1.4285714285714286,0.6471660519877448
41,sum,0.4031231658637116,6,1.6666666666666667,0.9563323493803342
41,overhead,0.3936076935076296,6,1.6666666666666667,0.7760762435102121
42,min,0.2470210237574756,7,1.4285714285714286,0.5500617613178821
42,sum,0.3842914130842928,6,1.6666666666666667,0.9100324757375644
42,overhead,0.3217913559439024,6,1.6666666666666667,0.7340171466503675
43,min,0.4379913328886245,8,1.25,0.9253284819586306
43,sum,0.4587868506903525,6,1.6666666666666667,0.9494992270374766
43,overhead,0.4278980339582912,5,2,0.8671741629363143
44,min,0.30121197981370584,6,1.6666666666666667,0.5446120864864324
44,sum,0.4547222515160318,5,2,0.9646060859449497
44,overhead,0.38522141093042717,5,1.8,0.8019477121804742
45,min,0.3251313478247788,6,1.3333333333333333,0.6584641940610622
45,sum,0.391644461120338,4,2.25,0.82099887064558
45,overhead,0.4124197972552842,7,1.4285714285714286,0.8486076953466666
46,min,0.31353521258754413,7,1.4285714285714286,0.5934082488771639
46,sum,0.44130707571072336,5,2,0.9725086809211878
46,overhead,0.38255843985011834,6,1.6666666666666667,0.7377190581626486
47,min,0.3895340059368247,7,1.4285714285714286,0.6438755027467798
47,sum,0.4830762709541154,5,2,0.884034073860743
47,overhead,0.45426453310724496,8,1.25,0.8324258903216862
48,min,0.26189694408201825,6,1.6666666666666667,0.6177371104079027
48,sum,0.3686578005121145,5,2,0.8845420301193742
48,overhead,0.2802400327760931,7,1.4285714285714286,0.6248704514543907
49,min,0.25815937500061853,8,1.25,0.32998676372369523
49,sum,0.4691459210603246,5,2,0.8663980502325345
49,overhead,0.37358601611479625,6,1.6666666666666667,0.6347209296866723
